,label,ArtsName,OverAttackFirst,OverAttackLast,BaseArts,AdditionalArts,Sequence,ArtsCategory,PlayerUse,EnemyUse,Weapon,WeaponSub,Attribute1,Attribute2,TargetParty,TargetType,Attack,AttackCount,BP,Turn,Hit,Speed,AfterCasterSpeed,AfterTargetSpeed,Bump,Hate,Random,BaseParameter1,BaseParameter2,BaseElement,EffectType1,EffectType2,EffectType3,EffectType4,EffectParam1,EffectParam2,EffectParam3,EffectParam4,AddEffect1,AddEffect2,AddEffectParam1,AddEffectParam2,HitArea,SureHit,Penetration,BeforeGuard,AfterGuard,RaceSlayer,ReserveCancel,ReserveType,ReserveProb,DisableSelect,OverAttack,OverAttackLeft,OverAttackSelf,OverAttackRight,AddOverAttackDamage,AddSingleStageDamage
0,WAIT,行動不能,–,–,行動不能,–,WL000_A01,特殊行動,1,1,–,–,–,–,味方,単体,0,0,0,0,0,0,0,0,0,0,0,–,–,–,–,–,–,–,0,0,0,0,–,–,0,0,–,0,0,0,0,–,0,–,0,0,0,0,0,0,0,0
1,DEFENSE,防御,–,–,防御,–,WL000_A01,特殊行動,1,1,–,–,–,–,味方,単体,0,0,0,0,0,0,0,6,0,0,0,–,–,–,–,–,–,–,0,0,0,0,–,–,0,0,–,0,0,1,1,–,0,–,0,0,0,0,0,0,0,0
2,MONSTER_RELEASE,解き放つ,–,–,解き放つ,–,WL000_A01,特殊行動,1,0,モンスター,–,–,–,味方,単体,0,0,1,0,0,0,0,0,0,0,0,–,–,–,–,–,–,–,0,0,0,0,–,–,0,0,–,0,0,0,0,–,0,–,0,0,0,0,0,0,0,0
3,OHS_WL000_A01,斬り払い,斬り,払い,斬り払い,–,WL000_A01,武器技,1,1,片手剣,汎用片手剣,斬,–,敵,単体,23,1,1,0,95,0,0,0,0,21,0,筋,体,–,–,–,–,–,0,0,0,0,–,–,0,0,–,0,0,0,0,–,0,–,0,0,1,0,1,0,19,10
4,OHS_WL000_A02,失礼剣,失礼,失礼,失礼剣,–,WL000_A02,武器技,1,1,片手剣,汎用片手剣,斬,–,敵,単体,22,1,1,0,94,-1,0,0,1,20,0,筋,体,–,–,–,–,–,0,0,0,0,–,–,0,0,–,0,0,0,0,–,0,–,0,0,1,1,1,0,19,10
5,OHS_WL000_PROTECT,パリイ,パ,リイ,パリイ,–,WL000_A01,武器技,1,0,片手剣,汎用片手剣,–,–,味方,自身,100,1,3,0,0,0,0,0,0,0,0,–,–,–,–,–,–,–,0,0,0,0,–,–,0,0,–,0,0,0,0,–,0,パリイ,70,0,0,0,0,0,21,12
6,OHS_WL000_A04,カットイン,カット,イン,カットイン,–,WL000_A04,武器技,1,1,片手剣,汎用片手剣,斬,–,敵,単体,28,1,2,0,95,1,0,0,0,22,0,運,体,–,–,–,–,–,0,0,0,0,–,–,0,0,–,0,0,0,0,–,0,–,0,0,1,0,1,1,20,11
7,OHS_WLLSW_B01,疾風剣,疾風,疾風,疾風剣,–,WLLSW_B01,武器技,1,1,片手剣,長剣,斬,–,敵,単体,28,1,2,0,95,3,2,2,0,22,0,筋,体,–,–,–,–,–,0,0,0,0,–,–,0,0,–,0,0,0,0,–,0,–,0,0,1,0,1,1,20,11
8,OHS_WLLSW_B02,空圧波［1］,空圧,波,空圧波［1］,–,WLLSW_B02,武器技,1,1,片手剣,長剣,斬,–,敵,後方,28,1,3,0,100,2,3,3,1,22,0,筋,集,–,範囲バンプ,–,–,–,100,0,0,0,–,–,0,0,対空,0,0,0,0,–,0,–,0,0,1,0,1,2,21,12
9,OHS_WLLSW_B03,神速三段突き,神速,三段突き,神速三段突き,–,WLLSW_B03,武器技,1,1,片手剣,長剣,突,–,敵,単体,40,1,4,0,95,3,4,3,0,25,0,筋,体,–,–,–,–,–,0,0,0,0,–,–,0,0,–,0,0,0,0,–,0,–,0,0,1,1,1,1,22,13
10,OHS_WLLSW_B04,無月散水,無月,散水,無月散水,–,WLLSW_B04,武器技,1,1,片手剣,長剣,斬,–,敵,単体,47,1,5,0,95,-2,5,3,0,27,0,筋,体,–,–,–,–,–,0,0,0,0,–,–,0,0,–,0,0,0,0,–,0,–,0,0,1,2,1,0,23,14
11,OHS_WLRAP_A01,氷雪刻,氷雪,刻,氷雪刻,–,WLRAP_A01,武器技,1,1,片手剣,細剣,突,冷,敵,単体,25,1,2,0,98,-1,0,0,0,21,0,運,体,–,ヘイト消去,–,–,–,0,0,0,0,–,–,0,0,–,0,0,0,0,–,0,–,0,0,1,1,1,0,20,11
12,OHS_WLRAP_A02,感電衝,感電,衝,感電衝,–,WLRAP_A02,武器技,1,1,片手剣,細剣,突,雷,敵,単体,28,1,3,0,98,-2,0,0,0,22,0,運,体,–,マヒ,–,–,–,25,0,0,0,–,–,0,0,–,0,0,0,0,–,0,–,0,0,1,0,1,0,21,12
13,OHS_WLRAP_B01,円舞剣,円舞,円舞,円舞剣,–,WLRAP_B01,武器技,1,1,片手剣,細剣,突,–,敵,全体,20,1,4,0,98,-3,0,0,0,20,0,運,体,–,–,–,–,–,0,0,0,0,–,–,0,0,–,0,0,0,0,–,0,–,0,0,1,1,1,1,22,13
14,OHS_WLRAP_B02,乱れ突き,乱れ,突き,乱れ突き,–,WLRAP_B02,武器技,1,0,片手剣,細剣,突,–,敵,単体,45,1,5,0,98,2,0,0,0,26,10,運,体,–,–,–,–,–,0,0,0,0,–,–,0,0,–,0,0,0,0,–,0,–,0,0,1,0,1,2,23,14
15,OHS_WLDAG_A01,毒蜂,毒,蜂,毒蜂,–,WLDAG_A01,武器技,1,1,片手剣,短剣,突,–,敵,単体,24,1,2,0,95,1,0,0,0,5,0,技,体,–,毒,–,–,–,50,0,0,0,–,–,0,0,–,0,0,0,0,–,0,–,0,0,1,0,1,0,20,11
16,OHS_WLDAG_B01,落月破斬［1］,落月,破斬,落月破斬［1］,–,WLDAG_B01,武器技,1,1,片手剣,短剣,斬,–,敵,単体,31,1,3,0,95,2,0,0,0,6,0,技,体,–,–,–,–,–,0,0,0,0,–,–,0,0,–,0,0,0,0,–,1,–,0,0,1,0,1,1,21,12
17,OHS_WLDAG_B02,バックスタッブ,バック,スタッブ,バックスタッブ,–,WLDAG_B02,武器技,1,1,片手剣,短剣,突,–,敵,単体,36,1,4,0,95,-2,0,0,0,6,0,運,体,–,即死,–,–,–,25,0,0,0,–,–,0,0,–,0,0,0,0,–,0,チェイス,100,0,1,0,0,0,22,13
18,OHS_WLDAG_B03,変幻自在,変幻,自在,変幻自在,–,WLDAG_B03,武器技,1,1,片手剣,短剣,斬,–,敵,単体,67,1,5,0,95,-1,0,0,0,8,0,技,体,–,スタン,ガード不可,–,–,50,100,0,0,–,–,0,0,–,0,0,0,0,–,0,突インタラプト,100,0,1,0,1,0,23,7
19,OHS_WLAXE_A01,マキ割りインパクト,マキ,インパクト,マキ割りインパクト,–,WLAXE_A01,武器技,1,1,片手剣,斧,斬,–,敵,単体,34,1,3,0,94,-2,3,3,0,24,0,筋,体,–,–,–,–,–,0,0,0,0,–,–,0,0,–,0,0,0,0,植物,0,–,0,0,1,0,1,0,21,12
20,OHS_WLAXE_B01,地獄断面,地獄,断面,地獄断面,–,WLAXE_B01,武器技,1,1,片手剣,斧,斬,–,敵,単体,66,1,4,0,94,0,4,3,0,32,0,技,体,–,ガード不可,–,–,–,100,0,0,0,–,–,0,0,–,0,0,0,0,–,0,打インタラプト,100,0,1,0,1,0,22,6
21,OHS_WLAXE_B02,富岳八景,富岳,八景,富岳八景,–,WLAXE_B02,武器技,1,1,片手剣,斧,斬,打,敵,単体,46,1,5,0,94,-3,5,3,0,26,0,筋,体,–,詠唱延長,–,–,–,50,0,0,0,–,–,0,0,–,0,0,0,0,–,0,–,0,0,1,2,1,0,23,14
22,OHS_WLAXE_B03,高速ナブラ,高速,ナブラ,高速ナブラ,–,WLAXE_B03,武器技,1,1,片手剣,斧,斬,–,敵,単体,53,1,6,0,94,4,6,4,0,28,0,筋,体,–,–,–,–,–,0,0,0,0,–,–,0,0,–,0,0,0,0,–,0,–,0,0,1,0,1,2,24,15
23,OHS_WLTSW_A01,二刀双破,二刀,双破,二刀双破,–,WLTSW_A01,武器技,1,0,片手剣,二刀,斬,突,敵,単体,51,1,5,0,98,-1,10,5,0,28,0,筋,体,–,–,–,–,–,0,0,0,0,–,–,0,0,–,0,0,0,0,–,0,–,0,0,1,2,1,0,26,14
24,OHS_WLTSW_B01,二刀烈風剣,二刀,烈風剣,二刀烈風剣,–,WLTSW_B01,武器技,1,0,片手剣,二刀,斬,–,敵,乱撃,71,4,6,0,98,-2,12,6,0,8,0,筋,体,–,–,–,–,–,0,0,0,0,–,–,0,0,対空,0,0,0,0,–,0,–,0,0,1,3,1,0,27,15
25,OHS_WLTSW_B02,二刀荒時雨,二刀,荒時雨,二刀荒時雨,–,WLTSW_B02,武器技,1,0,片手剣,二刀,斬,突,敵,単体,90,1,6,0,98,-3,12,6,0,38,0,技,体,–,ガード不可,–,–,–,100,0,0,0,–,–,0,0,対空,0,0,0,0,–,0,斬インタラプト,100,0,1,0,1,0,27,8
26,THS_WH000_A01,強撃,強,撃,強撃,–,WH000_A01,武器技,1,1,両手剣,汎用両手剣,斬,打,敵,単体,32,1,2,0,89,0,4,3,0,40,0,筋,体,–,–,–,–,–,0,0,0,0,–,–,0,0,–,0,0,0,0,–,0,–,0,0,1,1,1,0,10,24
27,THS_WH000_A02,流し斬り［1］,流し,斬り,流し斬り［1］,–,WH000_A02,武器技,1,1,両手剣,汎用両手剣,斬,–,敵,単体,37,1,3,0,89,1,6,4,0,42,0,筋,体,–,攻撃力,–,–,–,-10,0,0,0,–,–,0,0,–,0,0,0,0,–,0,–,0,0,1,0,1,1,11,25
28,THS_WH000_PROTECT,ディフレクト,ディフ,レクト,ディフレクト,–,WH000_A03,武器技,1,0,両手剣,汎用両手剣,–,–,味方,他者,60,1,3,0,0,0,0,0,0,0,0,–,–,–,–,–,–,–,0,0,0,0,–,–,0,0,–,0,0,0,0,–,0,プロテクト,100,1,0,0,0,0,11,25
29,THS_WH000_A04,かぶと割り,かぶ,割り,かぶと割り,–,WH000_A04,武器技,1,1,両手剣,汎用両手剣,斬,打,敵,単体,42,1,4,0,89,-1,8,4,0,46,0,筋,体,–,防御力,–,–,–,-10,0,0,0,–,–,0,0,–,0,0,0,0,–,0,–,0,0,1,2,1,0,12,26
30,THS_WH000_B01,払車剣,払車,剣,払車剣,–,WH000_B01,武器技,1,1,両手剣,汎用両手剣,斬,–,敵,全体,32,1,6,0,89,-2,12,6,0,40,0,筋,集,–,–,–,–,–,0,0,0,0,–,–,0,0,–,0,0,0,0,–,0,–,0,0,1,1,1,1,14,28
31,THS_WH000_B01_A,払車剣・余喘,余,喘ぐ,払車剣・余喘,–,WH000_B01,武器技,1,1,両手剣,汎用両手剣,斬,–,敵,全体,11,1,2,0,49,-3,4,3,0,19,0,筋,集,–,–,–,–,–,0,0,0,0,–,–,0,0,–,0,0,0,0,–,0,–,0,0,1,1,1,1,20,34
32,THS_WHGSW_A01,ブルクラッシュ,ブル,クラッシュ,ブルクラッシュ,–,WHGSW_A01,武器技,1,1,両手剣,大剣,斬,打,敵,単体,40,1,3,0,88,-2,6,4,1,44,0,筋,体,–,–,–,–,–,0,0,0,0,–,–,0,0,–,0,0,0,0,–,0,–,0,0,1,1,1,0,11,25
33,THS_WHGSW_A01_A,ブルガード,ブル,ガード,ブルガード,–,WHGSW_A01,武器技,1,1,両手剣,大剣,斬,打,敵,単体,46,1,4,0,88,-5,8,4,1,46,0,筋,体,–,–,–,–,–,0,0,0,0,–,–,0,0,–,0,0,1,0,–,0,–,0,0,1,1,1,0,12,26
34,THS_WHGSW_B01,雷殺斬,雷殺,斬,雷殺斬,–,WHGSW_B01,武器技,1,1,両手剣,大剣,斬,雷,敵,単体,47,1,4,0,89,2,8,4,0,47,0,筋,体,–,–,–,–,–,0,0,0,0,–,–,0,0,–,0,0,0,0,–,0,–,0,0,1,0,1,1,12,26
35,THS_WHGSW_B02,アプゼッツェン,アプ,ゼッツェン,アプゼッツェン,–,WHGSW_B02,武器技,1,1,両手剣,大剣,突,–,敵,単体,52,1,5,0,89,-2,10,5,0,49,0,筋,体,–,挑発,–,–,–,100,0,0,0,–,–,0,0,–,0,0,1,0,–,0,–,0,0,1,2,1,0,13,27
36,THS_WHGSW_B03,アッパースマッシュ,アッパー,スマッシュ,アッパースマッシュ,–,WHGSW_B03,武器技,1,0,両手剣,大剣,打,–,敵,単体,62,1,6,0,88,1,12,6,1,52,0,筋,体,–,–,–,–,–,0,0,0,0,–,–,0,0,–,0,0,0,0,–,0,–,0,0,1,0,1,1,14,28
37,THS_WHGSW_B04,ヴァンダライズ,ヴァン,ライズ,ヴァンダライズ,–,WHGSW_B04,武器技,1,0,両手剣,大剣,打,–,敵,単体,68,1,7,0,89,-3,14,6,0,56,0,筋,体,–,–,–,–,–,0,0,0,0,–,–,0,0,–,0,0,0,0,–,0,–,0,0,1,3,1,0,15,29
38,THS_WHSSW_A01,かすみ青眼,かすみ,青眼,かすみ青眼,–,WHSSW_A01,武器技,1,1,両手剣,刀,斬,–,敵,単体,65,1,3,0,100,-2,6,4,0,54,0,技,体,–,ガード不可,–,–,–,100,0,0,0,–,–,0,0,–,1,0,0,0,魔族,0,カウンター,80,0,1,0,1,0,11,5
39,THS_WHSSW_B01,地走り,地,走り,地走り,–,WHSSW_B01,武器技,1,1,両手剣,刀,斬,–,敵,単体,49,1,4,0,89,2,8,4,0,47,0,筋,体,–,–,–,–,–,0,0,0,0,–,–,0,0,対地,0,0,0,0,–,1,–,0,0,1,0,1,2,12,26
40,THS_WHSSW_B02,燕返し,燕,返し,燕返し,–,WHSSW_B02,武器技,1,1,両手剣,刀,斬,–,敵,単体,82,1,5,0,89,-3,10,5,0,63,0,技,体,–,スタン,ガード不可,–,–,50,100,0,0,–,–,0,0,対空,0,0,0,0,–,0,斬インタラプト,100,0,1,0,1,0,13,7
41,THS_WHSSW_B03,無拍子,無,拍子,無拍子,–,WHSSW_B03,武器技,1,1,両手剣,刀,斬,–,敵,単体,62,1,6,0,89,0,12,6,0,52,0,運,体,–,ガード不可,–,–,–,100,0,0,0,–,–,0,0,–,1,0,0,0,–,0,–,0,0,1,0,0,0,14,28
42,THS_WHSSW_B04,乱れ雪月花［1］,乱れ,雪月花,乱れ雪月花［1］,–,WHSSW_B04,武器技,1,1,両手剣,刀,斬,冷,敵,単体,65,1,7,0,89,-2,14,6,0,54,0,筋,体,–,–,–,–,–,0,0,0,0,–,–,0,0,–,0,0,1,0,–,0,–,0,0,1,2,1,2,15,29
43,THS_WHPSW_A01,エイミング,エイ,ミング,エイミング,–,WHPSW_A01,武器技,1,1,両手剣,薙刀,突,–,敵,単体,31,1,2,0,100,-2,4,3,0,40,0,技,体,–,–,–,–,–,0,0,0,0,–,–,0,0,–,0,0,0,0,–,0,–,0,0,1,2,1,0,10,24
44,THS_WHPSW_B01,乱調子,乱,調子,乱調子,–,WHPSW_B01,武器技,1,1,両手剣,薙刀,斬,–,敵,単体,40,1,3,0,92,-1,6,4,0,44,0,技,体,–,–,–,–,–,0,0,0,0,–,–,0,0,–,0,0,0,0,–,0,–,0,0,1,2,1,0,11,25
45,THS_WHPSW_B02,流星衝,流星,衝,流星衝,–,WHPSW_B02,武器技,1,0,両手剣,薙刀,突,–,敵,単体,42,1,4,0,92,2,8,4,0,46,0,技,体,–,マヒ,–,–,–,25,0,0,0,–,–,0,0,対空,0,0,0,0,–,1,–,0,0,1,0,1,2,12,26
46,THS_WHPSW_B02_A,追走二重星,追走,二重星,追走二重星,–,WHPSW_B02,武器技,1,1,両手剣,薙刀,突,–,敵,他者,35,1,3,0,92,-3,6,4,0,42,0,運,体,–,マヒ,–,–,–,25,0,0,0,–,–,0,0,対空,0,0,0,0,–,1,フォロー,100,0,1,0,0,0,11,25
47,THS_WHPSW_B03,ラウンドスライサー,ラウンド,スライサー,ラウンドスライサー,–,WHPSW_B03,武器技,1,1,両手剣,薙刀,斬,–,敵,単体,54,1,5,0,92,-2,10,5,0,49,0,技,体,–,–,–,–,–,0,0,0,0,–,–,0,0,–,0,0,0,0,–,0,–,0,0,1,1,1,1,13,27
48,THS_WHPSW_B04,無双三段,無双,三段,無双三段,–,WHPSW_B04,武器技,1,0,両手剣,薙刀,斬,打,敵,単体,56,1,6,0,92,3,12,6,0,51,0,技,体,–,スタン,–,–,–,50,0,0,0,–,–,0,0,–,0,0,0,0,–,0,–,0,0,1,0,1,3,14,28
49,OHG_GL000_A01,精密射撃,精密,射撃,精密射撃,–,GL000_A01,武器技,1,1,片手銃,片手銃,突,–,敵,単体,21,1,1,0,97,0,0,0,0,20,0,技,体,–,–,–,–,–,0,0,0,0,–,–,0,0,対空,0,0,0,0,–,1,–,0,0,1,0,1,0,19,10
50,OHG_GL000_A02,反応威嚇,反応,威嚇,反応威嚇,–,GL000_A02,武器技,1,1,片手銃,片手銃,突,–,敵,単体,44,1,2,0,92,-1,0,0,0,26,0,技,体,–,ガード不可,–,–,–,100,0,0,0,–,–,0,0,対空,0,0,0,0,–,0,打インタラプト,100,0,1,0,1,0,20,4
51,OHG_GL000_A04,早撃ち,早,撃ち,早撃ち,–,GL000_A04,武器技,1,1,片手銃,片手銃,突,–,敵,単体,44,1,2,0,92,2,0,0,0,26,0,技,体,–,ガード不可,–,–,–,100,0,0,0,–,–,0,0,対空,0,0,0,0,–,0,突インタラプト,100,0,1,0,1,0,20,4
52,OHG_GL000_A05,地上掃射,地上,掃射,地上掃射,–,GL000_A05,武器技,1,1,片手銃,片手銃,突,–,敵,単体,27,1,2,0,92,-1,0,0,0,22,0,技,体,–,スタン,–,–,–,50,0,0,0,–,–,0,0,対地,0,0,0,0,–,1,–,0,0,1,1,1,1,20,11
53,OHG_GL000_B01,援護射撃,援護,射撃,援護射撃,–,GL000_B01,武器技,1,0,片手銃,片手銃,突,–,敵,他者,29,1,2,0,92,1,0,0,0,22,0,運,体,–,–,–,–,–,0,0,0,0,–,–,0,0,対空,0,0,0,0,–,1,フォロー,100,0,1,0,0,0,9,11
54,OHG_GL000_B04,剣よりも強し,剣よりも,強し,剣よりも強し,–,GL000_B04,武器技,1,1,片手銃,片手銃,突,–,敵,単体,49,1,3,0,92,-1,0,0,0,27,0,技,体,–,攻撃力,ガード不可,–,–,-10,100,0,0,–,–,0,0,対空,0,0,0,0,–,0,斬インタラプト,100,0,1,0,1,0,21,5
55,OHG_GL000_B05,ワンホールワン,ワン,ワン,ワンホールワン,–,GL000_B05,武器技,1,1,片手銃,片手銃,突,–,敵,単体,27,1,3,0,92,2,0,0,0,22,0,技,体,–,–,–,–,–,0,0,0,0,–,–,0,0,対空,0,1,0,0,–,1,–,0,0,1,0,1,0,21,12
56,OHG_GL000_B06,曲撃ち,曲,撃ち,曲撃ち,–,GL000_B06,武器技,1,1,片手銃,片手銃,突,–,敵,単体,40,1,4,0,92,3,0,0,0,25,0,技,体,–,詠唱延長,–,–,–,50,0,0,0,–,–,0,0,対空,0,0,0,0,–,1,–,0,0,1,0,1,0,22,13
57,OHG_GL000_B08,跳弾,跳,弾,跳弾,–,GL000_B08,武器技,1,1,片手銃,片手銃,突,–,敵,単体,44,1,5,0,100,1,0,0,0,26,0,技,体,–,–,–,–,–,0,0,0,0,–,–,0,0,対空,0,0,0,0,–,1,–,0,0,1,1,1,1,23,14
58,OHG_GLTWO_A01,スウィッチ,スイ,ッチ,スウィッチ,–,GLTWO_A01,武器技,1,1,片手銃,二丁拳銃,突,–,敵,乱撃,60,2,5,0,95,0,10,5,0,15,0,技,体,–,–,–,–,–,0,0,0,0,–,–,0,0,対空,0,0,0,0,–,1,–,0,0,1,0,1,0,26,14
59,OHG_GLTWO_A02,二丁乱射,二丁,乱射,二丁乱射,–,GLTWO_A02,武器技,1,1,片手銃,二丁拳銃,突,–,敵,全体,25,1,4,0,95,1,8,4,0,21,0,技,体,–,–,–,–,–,0,0,0,0,–,–,0,0,対空,0,0,0,0,–,0,–,0,0,1,1,1,1,25,13
60,OHG_GLTWO_B01,デスパレート,デス,レート,デスパレート,–,GLTWO_B01,武器技,1,1,片手銃,二丁拳銃,突,–,敵,全体,31,1,6,0,95,-1,12,6,0,23,0,技,体,–,–,–,–,–,0,0,0,0,–,–,0,0,対空,0,0,0,0,–,0,–,0,0,1,3,1,0,27,15
61,OHG_SG000_B01,クロスファイア,クロス,ファイア,クロスファイア,–,SG000_B01,武器技,1,0,片手銃,剣×銃,斬,突,敵,単体,49,1,5,0,98,0,10,5,0,27,0,技,体,–,–,–,–,–,0,0,0,0,–,–,0,0,対空,0,0,0,0,魔族,0,–,0,0,1,1,1,1,27,15
62,OHG_SG000_B02,アセンション,アセ,ション,アセンション,–,SG000_B02,武器技,1,0,片手銃,剣×銃,斬,突,敵,単体,43,1,4,0,98,1,8,4,0,26,0,技,体,–,スタン,–,–,–,50,0,0,0,–,–,0,0,対空,0,0,0,0,–,0,–,0,0,1,0,1,2,25,13
63,OHG_SG000_B03,ミリオンダラー,ミリ,ダラー,ミリオンダラー,–,SG000_B03,武器技,1,0,片手銃,剣×銃,打,–,敵,乱撃,71,6,6,0,98,-1,12,6,0,6,0,技,体,–,–,–,–,–,0,0,0,0,–,–,0,0,対空,0,0,0,0,–,0,–,0,0,1,3,1,0,27,15
64,THG_GH000_A01,散弾,散,弾,散弾,–,GH000_A01,武器技,1,1,両手銃,汎用両手銃,打,–,敵,単体,44,1,3,0,86,0,6,4,0,46,0,技,体,–,–,–,–,–,0,0,0,0,–,–,0,0,対空,0,0,0,0,–,1,–,0,0,1,1,1,1,5,27
65,THG_GH000_A02,グランドヒット,グランド,ヒット,グランドヒット,–,GH000_A02,武器技,1,1,両手銃,汎用両手銃,打,–,敵,単体,41,1,3,0,86,-2,6,4,0,44,0,技,体,–,すばやさ,–,–,–,-8,0,0,0,–,–,0,0,対地,0,0,0,0,–,1,–,0,0,1,2,1,0,5,27
66,THG_GH000_A03,サンライトシャワー,サン,シャワー,サンライトシャワー,–,GH000_A03,武器技,1,0,両手銃,汎用両手銃,打,–,敵,単体,50,1,4,0,86,-1,8,4,0,49,0,技,体,–,挑発,–,–,–,100,0,0,0,–,–,0,0,対空,0,0,0,0,–,1,–,0,0,1,1,1,1,6,28
67,THG_GH000_A04,チェストバスター,チェスト,バスター,チェストバスター,–,GH000_A04,武器技,1,1,両手銃,汎用両手銃,打,–,敵,単体,55,1,5,0,86,-3,10,5,0,51,0,技,体,–,防御力,–,–,–,-10,0,0,0,–,–,0,0,対空,0,0,0,0,–,1,–,0,0,1,2,1,0,7,29
68,THG_GH000_B02,面制圧,面,制圧,面制圧,–,GH000_B02,武器技,1,1,両手銃,汎用両手銃,打,–,敵,全体,32,1,6,0,86,-1,12,6,0,40,0,技,体,–,–,–,–,–,0,0,0,0,–,–,0,0,対空,0,0,0,0,–,0,–,0,0,1,2,1,2,8,30
69,THG_GHMAC_A01,ガトリングカッター,ガト,カッター,ガトリングカッター,–,GHMAC_A01,武器技,1,0,両手銃,機関銃,斬,–,敵,単体,44,1,3,0,86,1,6,4,0,46,0,技,体,–,–,–,–,–,0,0,0,0,–,–,0,0,対空,0,0,0,0,–,1,–,0,0,1,0,1,2,5,27
70,THG_GHMAC_B01,弾幕砲火,弾幕,砲火,弾幕砲火,–,GHMAC_B01,武器技,1,0,両手銃,機関銃,突,–,敵,全体,25,1,4,0,86,0,8,4,0,37,0,技,体,–,暗闇,–,–,–,50,0,0,0,–,–,0,0,対空,0,0,0,0,–,0,–,0,0,1,1,1,1,6,28
71,THG_GHMAC_B02,鉛の嵐,鉛の,嵐,鉛の嵐,–,GHMAC_B02,武器技,1,0,両手銃,機関銃,突,–,敵,乱撃,73,6,5,0,86,2,10,5,0,10,0,技,体,–,–,–,–,–,0,0,0,0,–,–,0,0,対空,0,0,0,0,–,1,–,0,0,1,0,1,2,7,29
72,THG_GHFLA_A01,フレイムマーチ,フレイム,マーチ,フレイムマーチ,–,GHFLA_A01,武器技,1,1,両手銃,火炎放射器,熱,–,敵,単体,44,1,3,0,86,1,6,4,0,46,0,技,集,–,–,–,–,–,0,0,0,0,–,–,0,0,対空,0,0,0,0,–,0,–,0,0,1,1,1,1,5,27
73,THG_GHFLA_B01,ファイアボール,ファイア,ボール,ファイアボール,–,GHFLA_B01,武器技,1,0,両手銃,火炎放射器,熱,–,敵,単体,52,1,4,0,86,-2,8,4,0,49,0,技,集,–,–,–,–,–,0,0,0,0,–,–,0,0,対空,0,0,0,0,–,0,–,0,0,1,1,1,0,6,28
74,THG_GHFLA_B02,焼き尽くす,焼き,尽くす,焼き尽くす,–,GHFLA_B02,武器技,1,1,両手銃,火炎放射器,熱,–,敵,単体,65,1,6,0,86,-4,12,6,0,54,0,技,集,–,–,–,–,–,0,0,0,0,–,–,0,0,対空,0,0,0,0,–,0,–,0,0,1,2,1,0,8,30
75,THG_GHELE_A01,磁気嵐,磁気,嵐,磁気嵐,–,GHELE_A01,武器技,1,0,両手銃,電撃銃,雷,–,敵,全体,22,1,3,0,86,1,6,4,0,35,0,技,集,–,–,–,–,–,0,0,0,0,–,–,0,0,対空,0,0,0,0,メカ,0,–,0,0,1,0,1,3,5,27
76,THG_GHELE_A02,スタンショック,スタン,ショック,スタンショック,–,GHELE_A02,武器技,1,0,両手銃,電撃銃,雷,–,敵,単体,49,1,4,0,86,-1,8,4,0,47,0,技,集,–,スタン,–,–,–,50,0,0,0,–,–,0,0,対空,0,0,0,0,–,0,–,0,0,1,2,1,0,6,28
77,THG_GHELE_B01,プラズマショット,プラ,ショット,プラズマショット,–,GHELE_B01,武器技,1,0,両手銃,電撃銃,雷,–,敵,単体,60,1,6,0,86,-2,12,6,0,52,0,技,集,–,マヒ,–,–,–,50,0,0,0,–,–,0,0,対空,0,0,0,0,–,0,–,0,0,1,3,1,0,8,30
78,THG_GHBOM_A01,グランドスラム,グラ,スラム,グランドスラム,–,GHBOM_A01,武器技,1,1,両手銃,爆撃銃,打,–,敵,全体,25,1,3,0,86,-2,6,4,0,37,0,技,集,–,–,–,–,–,0,0,0,0,–,–,0,0,対地,0,0,0,0,–,0,–,0,0,1,1,1,1,5,27
79,THG_GHBOM_B01,シェルターブレイク,シェル,ブレイク,シェルターブレイク,–,GHBOM_B01,武器技,1,0,両手銃,爆撃銃,熱,–,敵,単体,48,1,4,0,86,-3,8,4,0,47,0,技,集,–,防御力,–,–,–,-10,0,0,0,–,–,0,0,対空,0,0,0,0,–,0,–,0,0,1,2,1,0,6,28
80,THG_GHBOM_B02,デイジーカッター,デイジー,カッター,デイジーカッター,–,GHBOM_B02,武器技,1,1,両手銃,爆撃銃,熱,–,敵,全体,36,1,6,0,86,-4,12,6,0,42,0,技,集,–,–,–,–,–,0,0,0,0,–,–,0,0,対空,0,0,0,0,–,0,–,0,0,1,1,1,1,8,30
81,THG_GHCHE_A01,催涙ガス,催涙,ガス,催涙ガス,–,GHCHE_A01,武器技,1,1,両手銃,化学銃,冷,–,敵,単体,41,1,3,0,86,1,6,4,0,44,0,技,集,–,術力,–,–,–,-10,0,0,0,–,–,0,0,対空,0,0,0,0,–,0,–,0,0,1,0,1,1,5,27
82,THG_GHCHE_B01,毒霧噴射,毒霧,噴射,毒霧噴射,–,GHCHE_B01,武器技,1,1,両手銃,化学銃,冷,–,敵,単体,47,1,4,0,86,0,8,4,0,47,0,技,集,–,毒,–,–,–,75,0,0,0,–,–,0,0,対空,0,0,0,0,–,0,–,0,0,1,1,1,1,6,28
83,THG_GHCHE_B02,瞬間冷凍,瞬間,冷凍,瞬間冷凍,–,GHCHE_B02,武器技,1,1,両手銃,化学銃,冷,–,敵,単体,62,1,6,0,86,-1,12,6,0,52,0,技,集,–,攻撃力,–,–,–,-10,0,0,0,–,–,0,0,対空,0,0,0,0,–,0,–,0,0,1,3,1,0,8,30
84,MAR_MA000_A01,パンチ,パン,パンチ,パンチ,–,MA000_A01,武器技,1,1,体術,パンチ,打,–,敵,単体,20,1,1,0,98,0,0,0,0,16,0,筋,体,–,–,–,–,–,0,0,0,0,–,–,0,0,–,0,0,0,1,–,0,–,0,0,1,0,1,0,22,13
85,MAR_MA000_A07,短勁,短,短勁,短勁,–,MA000_A07,武器技,1,1,体術,パンチ,打,突,敵,単体,23,1,2,0,98,1,0,0,0,17,0,技,体,–,防御力,–,–,–,-10,0,0,0,–,–,0,0,–,0,0,0,1,–,0,–,0,0,1,0,1,0,23,14
86,MAR_MA000_B03,羅刹掌,羅刹,掌,羅刹掌,–,MA000_B03,武器技,1,1,体術,パンチ,打,–,敵,単体,32,1,3,0,98,0,0,0,0,18,0,筋,体,–,挑発,–,–,–,100,0,0,0,–,–,0,0,–,0,0,0,1,–,0,–,0,0,1,0,1,0,24,15
87,MAR_MA000_B06,龍神烈火拳,龍神,烈火拳,龍神烈火拳,–,MA000_B06,武器技,1,1,体術,パンチ,打,熱,敵,単体,35,1,4,0,98,2,0,0,0,19,0,筋,体,–,–,–,–,–,0,0,0,0,攻撃力,–,10,0,–,0,0,0,1,–,0,–,0,0,1,0,1,1,25,16
88,MAR_MA000_B08,千手観音,千手,観音,千手観音,–,MA000_B08,武器技,1,1,体術,パンチ,打,–,敵,単体,42,1,5,0,98,0,0,0,0,21,10,筋,体,–,ガード不可,–,–,–,100,0,0,0,–,–,0,0,–,0,0,0,1,–,0,–,0,0,1,2,1,0,26,17
89,MAR_MA000_A02,キック,キク,キック,キック,–,MA000_A02,武器技,1,1,体術,キック,打,–,敵,単体,23,1,1,0,95,1,1,2,0,17,0,筋,体,–,–,–,–,–,0,0,0,0,–,–,0,0,–,0,0,0,0,–,0,–,0,0,1,0,1,0,19,10
90,MAR_MA000_A08,稲妻キック,稲妻,キック,稲妻キック,–,MA000_A08,武器技,1,1,体術,キック,打,雷,敵,単体,33,1,3,0,93,2,3,3,2,18,0,運,体,–,–,–,–,–,0,0,0,0,–,–,0,0,–,0,0,0,0,–,0,–,0,0,1,0,1,1,21,12
91,MAR_MA000_B01,滝登り,滝,登り,滝登り,–,MA000_B01,武器技,1,1,体術,キック,打,冷,敵,単体,40,1,4,0,95,1,4,3,0,20,0,筋,体,–,–,–,–,–,0,0,0,0,–,–,0,0,–,0,0,0,0,–,0,–,0,0,1,1,1,0,22,13
92,MAR_MA000_B04,三龍旋,三,龍旋,三龍旋,–,MA000_B04,武器技,1,1,体術,キック,打,–,敵,単体,47,1,5,0,95,1,5,3,0,22,0,筋,体,–,–,–,–,–,0,0,0,0,–,–,0,0,–,0,0,0,0,–,0,–,0,0,1,1,1,1,23,14
93,MAR_MA000_B07,エアリアルラッシュ,エア,ラッシュ,エアリアルラッシュ,–,MA000_B07,武器技,1,1,体術,キック,打,–,敵,単体,52,1,6,0,95,2,6,4,0,22,0,運,体,–,–,–,–,–,0,0,0,0,–,–,0,0,対空,0,0,0,0,–,0,–,0,0,1,0,1,2,24,15
94,MAR_MA000_A04,タックル,タク,クル,タックル,–,MA000_A04,武器技,1,1,体術,体当たり,打,–,敵,単体,29,1,2,0,91,-1,4,3,1,18,0,体,体,–,–,–,–,–,0,0,0,0,–,–,0,0,–,0,0,0,0,–,0,–,0,0,1,0,1,1,20,11
95,MAR_MA000_A06,フライングボディプレス,フライング,プレス,フライングボディプレス,–,MA000_A06,武器技,1,1,体術,体当たり,打,–,敵,単体,34,1,3,0,92,0,6,4,0,19,0,体,体,–,–,–,–,–,0,0,0,0,–,–,0,0,–,0,0,0,0,–,0,–,0,0,1,1,1,0,21,12
96,MAR_MA000_A09,かわづ掛け,かわづ,掛け,かわづ掛け,–,MA000_A09,武器技,1,1,体術,体当たり,打,–,敵,単体,41,1,4,0,92,0,8,4,0,20,0,体,体,–,スタン,–,–,–,50,0,0,0,–,–,0,0,対地,0,0,0,0,–,0,–,0,0,1,0,1,1,22,13
97,MAR_MA000_B02,当て身投げ,当て,投げ,当て身投げ,–,MA000_B02,武器技,1,1,体術,体当たり,打,–,敵,単体,84,1,5,0,92,-2,10,5,0,29,0,技,体,–,ガード不可,–,–,–,100,0,0,0,–,–,0,0,–,1,0,0,0,–,0,カウンター,84,0,1,0,1,0,23,7
98,MAR_MA000_B09,風殺陣,風,殺陣,風殺陣,–,MA000_B09,武器技,1,1,体術,体当たり,打,–,敵,単体,50,1,6,0,92,-1,12,6,0,22,0,体,体,–,挑発,ヘイト消去,–,–,100,0,0,0,–,–,0,0,–,0,0,1,0,–,0,–,0,0,1,1,1,1,24,15
99,OHS_WL000_A01_EX1,なぎ払い,なぎ,なぎ,斬り払い,–,WL000_A01,我流技,1,0,片手剣,汎用片手剣,斬,–,敵,単体,27,1,2,0,95,2,0,0,0,22,0,筋,体,–,スタン,–,–,–,50,0,0,0,–,–,0,0,–,0,0,0,0,–,0,–,0,0,1,0,1,0,20,11
100,OHS_WL000_A02_EX1,無礼剣,無礼,無礼,失礼剣,–,WL000_A02,我流技,1,0,片手剣,汎用片手剣,斬,–,敵,単体,21,1,1,0,94,-2,0,0,1,20,0,筋,体,–,挑発,–,–,–,100,0,0,0,–,–,0,0,–,0,0,0,0,–,0,–,0,0,1,1,1,0,19,10
101,OHS_WL000_A04_EX1,追撃剣,追撃,追撃,カットイン,–,WL000_A04,我流技,1,0,片手剣,汎用片手剣,斬,–,敵,他者,30,1,2,0,95,1,0,0,0,22,0,運,体,–,–,–,–,–,0,0,0,0,–,–,0,0,–,0,0,0,0,–,0,フォロー,100,0,1,0,0,0,9,11
102,OHS_WLLSW_B01_EX1,滞留剣,滞留,滞留,疾風剣,–,WLLSW_B01,我流技,1,0,片手剣,長剣,斬,–,敵,単体,33,1,3,0,95,-3,3,3,0,23,0,筋,体,–,–,–,–,–,0,0,0,0,–,–,0,0,–,0,0,0,0,–,0,–,0,0,1,2,1,0,21,12
103,OHS_WLLSW_B02_EX1,空圧絶波,空圧,絶波,空圧波［1］,–,WLLSW_B02,我流技,1,1,片手剣,長剣,斬,–,敵,後方,32,1,4,0,100,1,4,3,2,23,0,筋,集,–,スタン,範囲バンプ,–,–,25,100,0,0,–,–,0,0,対空,0,0,0,0,–,0,–,0,0,1,0,1,3,22,13
104,OHS_WLLSW_B03_EX1,神速三空破,神速,三空破,神速三段突き,–,WLLSW_B03,我流技,1,0,片手剣,長剣,突,–,敵,単体,34,1,3,0,90,4,3,3,0,24,0,筋,体,–,–,–,–,–,0,0,0,0,–,–,0,0,対空,0,0,0,0,–,0,–,0,0,1,1,1,1,21,12
105,OHS_WLLSW_B04_EX1,無月,無,月,無月散水,–,WLLSW_B04,我流技,1,0,片手剣,長剣,斬,–,敵,単体,54,1,6,0,95,-3,6,4,0,28,0,筋,体,–,–,–,–,–,0,0,0,0,–,–,0,0,–,0,0,0,0,–,0,–,0,0,1,0,1,0,24,15
106,OHS_WLRAP_A01_EX1,ボンナバン,ボン,バン,氷雪刻,–,WLRAP_A01,我流技,1,0,片手剣,細剣,突,冷,敵,単体,24,1,2,0,98,2,0,0,0,21,0,運,体,–,ヘイト消去,–,–,–,0,0,0,0,–,–,0,0,–,0,0,0,1,–,0,–,0,0,1,0,1,1,20,11
107,OHS_WLRAP_A02_EX1,デルニエトネール,デル,ネール,感電衝,–,WLRAP_A02,我流技,1,0,片手剣,細剣,突,雷,敵,単体,26,1,3,0,98,-4,0,0,0,22,0,運,体,–,マヒ,–,–,–,50,0,0,0,–,–,0,0,–,0,0,1,0,–,0,–,0,0,1,1,1,0,21,12
108,OHS_WLRAP_B01_EX1,バッテマン,バッテ,マン,円舞剣,–,WLRAP_B01,我流技,1,0,片手剣,細剣,突,–,敵,全体,16,1,3,0,98,1,0,0,0,16,0,運,体,–,–,–,–,–,0,0,0,0,–,–,0,0,–,0,0,0,0,–,1,–,0,0,1,1,1,1,21,12
109,OHS_WLRAP_B02_EX1,コントルアタック,コント,アタック,乱れ突き,–,WLRAP_B02,我流技,1,0,片手剣,細剣,突,–,敵,単体,80,1,5,0,98,3,0,0,0,35,10,技,体,–,ガード不可,–,–,–,100,0,0,0,–,–,0,0,–,1,0,0,0,–,0,カウンター,84,0,1,0,1,0,23,7
110,OHS_WLDAG_A01_EX1,奇襲毒蜂,奇襲,毒蜂,毒蜂,–,WLDAG_A01,我流技,1,0,片手剣,短剣,突,–,敵,単体,39,1,3,0,95,1,0,0,0,6,0,技,体,–,毒,ガード不可,–,–,75,100,0,0,–,–,0,0,–,0,0,0,0,–,0,斬インタラプト,100,0,1,0,1,0,21,5
111,OHS_WLDAG_B01_EX1,孤城落日,孤城,落日,落月破斬［1］,–,WLDAG_B01,我流技,1,0,片手剣,短剣,斬,–,敵,単体,31,1,3,0,95,4,0,0,0,6,0,技,体,–,–,–,–,–,0,0,0,0,–,–,0,0,–,0,0,0,0,–,1,–,0,0,1,0,1,2,21,12
112,OHS_WLDAG_B02_EX1,テイクスタッブ,テイク,スタッブ,バックスタッブ,–,WLDAG_B02,我流技,1,0,片手剣,短剣,突,–,敵,単体,60,1,4,0,95,-3,0,0,0,8,0,技,体,–,即死,ガード不可,–,–,25,100,0,0,–,–,0,0,–,1,0,0,0,–,0,カウンター,82,0,1,0,1,0,22,6
113,OHS_WLDAG_B03_EX1,連結自在,連結,自在,変幻自在,–,WLDAG_B03,我流技,1,1,片手剣,短剣,斬,–,敵,単体,34,1,4,0,95,0,0,0,0,6,0,技,体,–,スタン,–,–,–,50,0,0,0,–,–,0,0,–,0,0,0,0,–,0,–,0,0,1,2,1,2,22,13
114,OHS_WLAXE_A01_EX1,マキ割りチューニング,マキ,ニング,マキ割りインパクト,–,WLAXE_A01,我流技,1,1,片手剣,斧,斬,–,敵,単体,26,1,2,0,94,-1,2,2,0,22,0,筋,体,–,–,–,–,–,0,0,0,0,攻撃力,–,10,0,–,0,0,0,0,植物,0,–,0,0,1,0,1,0,20,11
115,OHS_WLAXE_B01_EX1,ブルータルレッド,ブルー,レッド,地獄断面,–,WLAXE_B01,我流技,1,1,片手剣,斧,斬,–,敵,単体,35,1,3,0,94,2,3,3,0,24,0,技,体,–,–,–,–,–,0,0,0,0,–,–,0,0,–,0,0,0,0,–,0,–,0,0,1,0,1,1,21,12
116,OHS_WLAXE_B02_EX1,シアトリカルギグ,シアトリ,ギグ,富岳八景,–,WLAXE_B02,我流技,1,1,片手剣,斧,斬,打,敵,単体,31,1,3,0,94,-4,3,3,0,23,0,筋,体,–,詠唱延長,–,–,–,50,0,0,0,術力,–,10,0,–,0,0,0,0,–,0,–,0,0,1,1,1,0,21,12
117,OHS_WLAXE_B03_EX1,ビートラッシュ,ビート,ラッシュ,ベースビートラッシュ［未使用］,–,WLAXE_B03a,我流技,1,1,片手剣,斧,斬,–,敵,単体,45,1,5,0,94,3,5,3,0,26,0,筋,体,–,すばやさ,–,–,–,-8,0,0,0,–,–,0,0,–,0,0,0,0,–,0,–,0,0,1,0,1,2,23,14
118,THS_WH000_A01_EX1,アピールスラッシュ,アピール,スラッシュ,強撃,–,WH000_A01,我流技,1,0,両手剣,汎用両手剣,斬,打,敵,単体,31,1,2,0,89,1,4,3,0,40,0,筋,体,–,挑発,–,–,–,100,0,0,0,–,–,0,0,–,0,0,0,0,–,0,–,0,0,1,1,1,0,10,24
119,THS_WH000_A02_EX1,脱力流し,脱力,流し,流し斬り［1］,–,WH000_A02,我流技,1,0,両手剣,汎用両手剣,斬,–,敵,単体,53,1,3,0,99,0,6,4,0,49,0,技,体,–,攻撃力,ガード不可,–,–,-20,100,0,0,–,–,0,0,–,0,0,0,0,–,0,突インタラプト,100,0,1,0,1,0,11,5
120,THS_WH000_A04_EX1,エアレイド,エア,レイド,かぶと割り,–,WH000_A04,我流技,1,0,両手剣,汎用両手剣,斬,打,敵,単体,49,1,5,0,88,-1,10,5,1,47,0,筋,体,–,防御力,–,–,–,-10,0,0,0,–,–,0,0,–,0,0,0,0,–,0,–,0,0,1,2,1,0,13,27
121,THS_WHGSW_A01_EX1,ブルチェイス,ブル,チェイス,ブルクラッシュ,–,WHGSW_A01,我流技,1,0,両手剣,大剣,斬,打,敵,単体,42,1,3,0,87,2,6,4,2,46,0,運,体,–,–,–,–,–,0,0,0,0,–,–,0,0,–,0,0,0,0,–,0,チェイス,100,0,1,0,0,0,11,25
122,THS_WHGSW_B01_EX1,雷機斬,雷機,斬,雷殺斬,–,WHGSW_B01,我流技,1,0,両手剣,大剣,斬,雷,敵,単体,41,1,4,0,89,1,8,4,0,44,0,筋,体,–,メカマヒ,–,–,–,50,0,0,0,–,–,0,0,–,0,0,0,0,メカ,0,–,0,0,1,0,1,1,12,26
123,THS_WHGSW_B02_EX1,シュネル,シュ,ネル,アプゼッツェン,–,WHGSW_B02,我流技,1,0,両手剣,大剣,突,–,敵,単体,36,1,3,0,89,-1,6,4,0,42,0,筋,体,–,挑発,–,–,–,100,0,0,0,すばやさ,–,8,0,–,0,0,1,0,–,0,–,0,0,1,2,1,0,11,25
124,THS_WHGSW_B03_EX1,スーパースマッシュ,スーパー,スマッシュ,アッパースマッシュ,–,WHGSW_B03,我流技,1,0,両手剣,大剣,打,–,敵,単体,56,1,5,0,86,2,10,5,3,51,0,筋,体,–,–,–,–,–,0,0,0,0,–,–,0,0,–,0,0,0,0,–,0,–,0,0,1,0,1,1,13,27
125,THS_WHGSW_B04_EX1,パワーライズ,パワー,ライズ,ヴァンダライズ,–,WHGSW_B04,我流技,1,0,両手剣,大剣,打,–,敵,単体,58,1,6,0,89,-2,12,6,0,52,0,筋,体,–,–,–,–,–,0,0,0,0,攻撃力,–,20,0,–,0,0,0,0,–,0,–,0,0,1,3,1,0,14,28
126,THS_WHSSW_A01_EX1,かすみ青眼崩し,かすみ,崩し,かすみ青眼,–,WHSSW_A01,我流技,1,0,両手剣,刀,斬,–,敵,単体,30,1,2,0,100,2,4,3,0,38,0,技,体,–,–,–,–,–,0,0,0,0,–,–,0,0,–,0,0,0,0,魔族,1,–,0,0,1,0,1,0,10,24
127,THS_WHSSW_B01_EX1,玄百足,玄百,足,地走り,–,WHSSW_B01,我流技,1,0,両手剣,刀,斬,–,敵,単体,45,1,3,0,89,3,6,4,0,46,0,運,体,–,–,–,–,–,0,0,0,0,–,–,0,0,対地,0,0,0,0,–,1,チェイス,100,0,1,0,0,0,11,25
128,THS_WHSSW_B02_EX1,虎斬り,虎,斬り,燕返し,–,WHSSW_B02,我流技,1,0,両手剣,刀,斬,–,敵,単体,44,1,4,0,89,-3,8,4,0,46,0,技,体,–,スタン,ガード不可,–,–,50,100,0,0,–,–,0,0,対空,0,0,0,0,–,0,–,0,0,1,0,1,0,12,26
129,THS_WHSSW_B03_EX1,払い抜け,払い,抜け,無拍子,–,WHSSW_B03,我流技,1,0,両手剣,刀,斬,–,敵,単体,43,1,3,0,89,4,6,4,0,46,0,運,体,–,ガード不可,–,–,–,100,0,0,0,–,–,0,0,–,0,0,0,0,–,0,–,0,0,1,0,0,0,11,25
130,THS_WHSSW_B04_EX1,擾乱雪月花,擾乱,雪月花,ベース擾乱雪月花［未使用］,–,WHSSW_B04a,我流技,1,0,両手剣,刀,斬,冷,敵,単体,35,1,3,0,89,-5,6,4,0,42,0,筋,体,–,混乱,–,–,–,50,0,0,0,–,–,0,0,–,0,0,1,0,–,0,–,0,0,1,2,1,0,11,25
131,THS_WHPSW_A01_EX1,活殺獣神衝,活殺,獣神衝,ベース活殺獣神衝［未使用］,–,WHPSW_A01a,我流技,1,0,両手剣,薙刀,突,–,敵,単体,35,1,3,0,100,-1,6,4,0,42,0,技,体,–,防御力,–,–,–,-10,0,0,0,–,–,0,0,–,0,0,0,0,–,0,–,0,0,1,2,1,0,11,25
132,THS_WHPSW_B01_EX1,無足乱調子,無足,乱調子,乱調子,–,WHPSW_B01,我流技,1,0,両手剣,薙刀,斬,–,敵,単体,47,1,4,0,92,-1,8,4,0,47,0,技,体,–,ガード不可,–,–,–,100,0,0,0,–,–,0,0,–,0,0,0,0,–,0,–,0,0,1,0,0,0,12,26
133,THS_WHPSW_B02_EX1,春の流星衝,春の,流星衝,流星衝,–,WHPSW_B02,我流技,1,0,両手剣,薙刀,突,–,敵,単体,35,1,3,0,92,2,6,4,0,42,0,技,体,–,マヒ,–,–,–,25,0,0,0,–,–,0,0,対空,0,0,0,0,–,1,–,0,0,1,0,1,2,11,25
134,THS_WHPSW_B03_EX1,スイング,スイ,ング,ラウンドスライサー,–,WHPSW_B03,我流技,1,0,両手剣,薙刀,斬,–,敵,単体,31,1,2,0,92,3,4,3,0,40,0,技,体,–,スタン,–,–,–,50,0,0,0,–,–,0,0,–,0,0,0,0,–,0,–,0,0,1,0,1,1,10,24
135,THS_WHPSW_B04_EX1,三術結界,三術,結界,ベース三術結界［未使用］,–,WHPSW_B04a,我流技,1,0,両手剣,薙刀,斬,打,敵,単体,39,1,4,0,92,2,8,4,0,44,0,技,体,–,術力,詠唱延長,–,–,-10,50,0,0,術力,–,10,0,–,0,0,0,0,–,0,–,0,0,1,1,1,1,12,26
136,OHG_GL000_A01_EX1,レイトシューティング,レイト,ティング,精密射撃,–,GL000_A01,我流技,1,0,片手銃,片手銃,突,–,敵,単体,28,1,2,0,97,-2,0,0,0,22,0,技,体,–,–,–,–,–,0,0,0,0,–,–,0,0,対空,0,0,0,0,–,1,–,0,0,1,0,1,0,20,11
137,OHG_GL000_A02_EX1,威嚇発砲,威嚇,発砲,反応威嚇,–,GL000_A02,我流技,1,0,片手銃,片手銃,突,–,敵,単体,22,1,2,0,92,2,0,0,0,20,0,技,体,–,挑発,–,–,–,50,0,0,0,–,–,0,0,対空,0,0,0,0,–,1,–,0,0,1,0,1,0,20,11
138,OHG_GL000_A04_EX1,隼撃ち,隼,撃ち,早撃ち,–,GL000_A04,我流技,1,0,片手銃,片手銃,突,–,敵,単体,21,1,2,0,92,5,0,0,0,20,0,技,体,–,–,–,–,–,0,0,0,0,–,–,0,0,対空,0,0,0,0,–,1,–,0,0,1,0,1,2,20,11
139,OHG_GL000_A05_EX1,支援掃討,支援,掃討,地上掃射,–,GL000_A05,我流技,1,0,片手銃,片手銃,突,–,敵,他者,35,1,3,0,92,-2,0,0,0,24,0,運,体,–,スタン,–,–,–,50,0,0,0,–,–,0,0,対地,0,0,0,0,–,1,フォロー,100,0,1,0,0,0,10,12
140,OHG_GL000_B01_EX1,ラン&ガン,ラン&,ガン,援護射撃,–,GL000_B01,我流技,1,0,片手銃,片手銃,突,–,敵,単体,59,1,3,0,92,1,0,0,0,30,0,技,体,–,ガード不可,–,–,–,100,0,0,0,–,–,0,0,対空,1,0,0,0,–,1,カウンター,80,0,1,0,1,0,21,5
141,OHG_GL000_B04_EX1,憎しみの弾丸,憎しみの,弾丸,剣よりも強し,–,GL000_B04,我流技,1,0,片手銃,片手銃,突,–,敵,単体,36,1,4,0,92,-3,0,0,0,24,0,技,体,–,攻撃力,挑発,–,–,-10,150,0,0,–,–,0,0,対空,0,0,0,0,–,0,–,0,0,1,2,1,0,22,13
142,OHG_GL000_B05_EX1,アンチマテリアルショット,アンチ,ショット,ワンホールワン,–,GL000_B05,我流技,1,0,片手銃,片手銃,突,–,敵,単体,36,1,5,0,92,1,0,0,0,24,0,技,体,–,–,–,–,–,0,0,0,0,–,–,0,0,対空,0,1,0,0,メカ,1,–,0,0,1,0,1,0,23,14
143,OHG_GL000_B06_EX1,霞撃ち,霞,撃ち,曲撃ち,–,GL000_B06,我流技,1,0,片手銃,片手銃,突,–,敵,単体,25,1,3,0,92,3,0,0,0,0,0,技,体,–,詠唱延長,–,–,–,50,0,0,0,–,–,0,0,対空,0,0,0,0,–,1,–,0,0,1,0,1,3,21,12
144,OHG_GL000_B08_EX1,堕天弾,堕天,弾,跳弾,–,GL000_B08,我流技,1,0,片手銃,片手銃,突,–,敵,単体,43,1,5,0,100,0,0,0,0,26,0,技,体,–,–,–,–,–,0,0,0,0,–,–,0,0,対空,0,0,0,0,有翼,1,–,0,0,1,1,1,1,23,14
145,THG_GH000_A01_EX1,クリアリングバレット,クリア,バレット,散弾,–,GH000_A01,我流技,1,0,両手銃,汎用両手銃,打,–,敵,単体,25,1,2,0,86,1,4,3,0,37,0,技,体,–,–,–,–,–,0,0,0,0,–,–,0,0,対空,0,0,0,0,–,1,–,0,0,1,0,1,2,4,26
146,THG_GH000_A02_EX1,土竜撃,土竜,土竜,グランドヒット,–,GH000_A02,我流技,1,0,両手銃,汎用両手銃,打,–,敵,単体,41,1,3,0,86,0,6,4,0,44,0,技,体,–,すばやさ,–,–,–,-8,0,0,0,–,–,0,0,対地,0,0,0,0,–,1,–,0,0,1,2,1,0,5,27
147,THG_GH000_A03_EX1,スターシェル,スター,シェル,サンライトシャワー,–,GH000_A03,我流技,1,0,両手銃,汎用両手銃,打,–,敵,単体,46,1,4,0,86,-3,8,4,0,46,0,技,体,–,挑発,–,–,–,100,0,0,0,防御力,–,10,0,対空,0,0,1,0,–,1,–,0,0,1,1,1,1,6,28
148,THG_GH000_A04_EX1,スピリットバスター,スピリット,バスター,チェストバスター,–,GH000_A04,我流技,1,0,両手銃,汎用両手銃,打,–,敵,単体,60,1,6,0,86,-2,12,6,0,52,0,技,体,–,防御力,–,–,–,-10,0,0,0,–,–,0,0,対空,0,0,0,0,精霊,1,–,0,0,1,2,1,0,8,30
149,THG_GH000_B02_EX1,全面制圧,全面,制圧,面制圧,–,GH000_B02,我流技,1,1,両手銃,汎用両手銃,打,–,敵,全体,25,1,4,0,86,-1,8,4,0,37,0,技,体,–,–,–,–,–,0,0,0,0,–,–,0,0,対空,0,0,0,0,–,0,–,0,0,1,4,1,4,6,28
150,THG_GHMAC_A01_EX1,速射カッター,速射,カッター,ガトリングカッター,–,GHMAC_A01,我流技,1,0,両手銃,機関銃,斬,–,敵,単体,39,1,2,0,86,2,4,3,0,44,0,運,体,–,–,–,–,–,0,0,0,0,–,–,0,0,対空,0,0,0,0,–,0,チェイス,100,0,1,0,0,0,4,26
151,THG_GHMAC_B01_EX1,連携弾幕,連携,弾幕,弾幕砲火,–,GHMAC_B01,我流技,1,0,両手銃,機関銃,突,–,敵,全体,25,1,4,0,86,-1,8,4,0,37,0,技,体,–,暗闇,–,–,–,50,0,0,0,–,–,0,0,対空,0,0,0,0,–,0,–,0,0,1,2,1,2,6,28
152,THG_GHMAC_B02_EX1,挑発の乱,挑発の,乱,鉛の嵐,–,GHMAC_B02,我流技,1,0,両手銃,機関銃,突,–,敵,乱撃,56,6,4,0,86,1,8,4,0,14,0,技,体,–,挑発,–,–,–,100,0,0,0,–,–,0,0,対空,0,0,0,0,–,1,–,0,0,1,0,1,1,6,28
153,THG_GHFLA_A01_EX1,カウンターファイア,カウンター,ファイア,フレイムマーチ,–,GHFLA_A01,我流技,1,0,両手銃,火炎放射器,熱,–,敵,単体,93,1,4,0,86,2,8,4,0,66,0,技,集,–,ガード不可,–,–,–,100,0,0,0,–,–,0,0,対空,1,0,0,0,–,0,カウンター,82,0,1,0,1,0,6,6
154,THG_GHFLA_B01_EX1,イグナイトファイア,イグナ,ナイト,ファイアボール,–,GHFLA_B01,我流技,1,0,両手銃,火炎放射器,熱,–,敵,単体,82,1,4,0,86,-3,8,4,0,63,0,技,集,–,ガード不可,–,–,–,100,0,0,0,–,–,0,0,対空,0,0,0,0,–,0,突インタラプト,100,0,1,0,1,0,6,6
155,THG_GHFLA_B02_EX1,リザーブ焼き,リザーブ,焼き,焼き尽くす,–,GHFLA_B02,我流技,1,1,両手銃,火炎放射器,熱,–,敵,単体,43,1,3,0,86,1,6,4,0,46,0,技,集,–,–,–,–,–,0,0,0,0,–,–,0,0,対空,0,0,0,0,–,1,–,0,0,1,2,1,2,5,27
156,THG_GHELE_A01_EX1,磁気破壊,磁気,破壊,磁気嵐,–,GHELE_A01,我流技,1,0,両手銃,電撃銃,雷,–,敵,全体,20,1,3,0,86,2,6,4,0,35,0,技,集,–,メカスタン,–,–,–,50,0,0,0,–,–,0,0,対空,0,0,0,0,メカ,0,–,0,0,1,0,1,3,5,27
157,THG_GHELE_A02_EX1,電気締め,電気,締め,スタンショック,–,GHELE_A02,我流技,1,0,両手銃,電撃銃,雷,–,敵,単体,46,1,4,0,86,0,8,4,0,46,0,技,集,–,スタン,–,–,–,75,0,0,0,–,–,0,0,対空,0,0,0,0,水棲,0,–,0,0,1,1,1,1,6,28
158,THG_GHELE_B01_EX1,シャットダウン,シャット,ダウン,プラズマショット,–,GHELE_B01,我流技,1,0,両手銃,電撃銃,雷,–,敵,単体,51,1,5,0,86,-3,10,5,0,49,0,技,集,–,メカマヒ,–,–,–,50,0,0,0,–,–,0,0,対空,0,0,0,0,メカ,0,–,0,0,1,3,1,0,7,29
159,THG_GHBOM_A01_EX1,虫潰し,虫,潰し,グランドスラム,–,GHBOM_A01,我流技,1,0,両手銃,爆撃銃,打,–,敵,全体,28,1,4,0,86,-3,8,4,0,38,0,技,集,–,–,–,–,–,0,0,0,0,–,–,0,0,対地,0,0,0,0,虫,0,–,0,0,1,1,1,1,6,28
160,THG_GHBOM_B01_EX1,ラストブレイク,ラスト,ブレイク,シェルターブレイク,–,GHBOM_B01,我流技,1,0,両手銃,爆撃銃,熱,–,敵,単体,40,1,3,0,86,-5,6,4,0,44,0,技,集,–,防御力,–,–,–,-10,0,0,0,–,–,0,0,対空,0,0,0,0,–,0,–,0,0,1,3,1,0,5,27
161,THG_GHBOM_B02_EX1,デイジーチェーン,デイジー,チェーン,デイジーカッター,–,GHBOM_B02,我流技,1,0,両手銃,爆撃銃,熱,–,敵,全体,29,1,5,0,86,-3,10,5,0,38,0,技,集,–,–,–,–,–,0,0,0,0,–,–,0,0,対空,0,0,0,0,植物,0,–,0,0,1,5,1,0,7,29
162,THG_GHCHE_A01_EX1,アンチエレメンタル,アンチ,メンタル,催涙ガス,–,GHCHE_A01,我流技,1,0,両手銃,化学銃,冷,–,敵,単体,46,1,4,0,86,-1,8,4,0,46,0,技,集,–,術力,–,–,–,-20,0,0,0,–,–,0,0,対空,0,0,0,0,元素霊,0,–,0,0,1,1,1,0,6,28
163,THG_GHCHE_B01_EX1,アンチビースト,アンチ,ビースト,毒霧噴射,–,GHCHE_B01,我流技,1,0,両手銃,化学銃,冷,–,敵,単体,38,1,3,0,86,2,6,4,0,42,0,技,集,–,毒,–,–,–,50,0,0,0,–,–,0,0,対空,0,0,0,0,獣,0,–,0,0,1,0,1,2,5,27
164,THG_GHCHE_B02_EX1,アンチレプタイル,アンチ,タイル,瞬間冷凍,–,GHCHE_B02,我流技,1,0,両手銃,化学銃,冷,–,敵,単体,52,1,5,0,86,1,10,5,0,49,0,技,集,–,攻撃力,–,–,–,-20,0,0,0,–,–,0,0,対空,0,0,0,0,爬虫類,0,–,0,0,1,0,1,3,7,29
165,MAR_MA000_A01_EX1,ラピッドフィスト,ラピッド,フィスト,パンチ,–,MA000_A01,我流技,1,0,体術,パンチ,打,–,敵,単体,15,1,1,0,98,2,0,0,0,12,0,筋,体,–,–,–,–,–,0,0,0,0,–,–,0,0,–,0,0,0,1,–,0,–,0,0,1,0,1,1,22,13
166,MAR_MA000_A07_EX1,ワンインチ,ワン,インチ,短勁,–,MA000_A07,我流技,1,0,体術,パンチ,打,突,敵,単体,23,1,2,0,98,1,0,0,0,17,0,技,体,–,防御力,–,–,–,-10,0,0,0,–,–,0,0,–,0,0,0,1,–,1,–,0,0,1,0,0,0,23,14
167,MAR_MA000_B03_EX1,カウンター羅刹掌,カウンター,羅刹掌,羅刹掌,–,MA000_B03,我流技,1,0,体術,パンチ,打,–,敵,単体,55,1,3,0,98,0,0,0,0,23,0,技,体,–,ガード不可,挑発,–,–,100,100,0,0,–,–,0,0,–,1,0,0,1,–,0,カウンター,80,0,1,0,1,0,24,8
168,MAR_MA000_B06_EX1,伏龍烈火拳,伏龍,烈火拳,龍神烈火拳,–,MA000_B06,我流技,1,0,体術,パンチ,打,熱,敵,単体,28,1,3,0,98,-1,0,0,0,18,0,筋,体,–,–,–,–,–,0,0,0,0,攻撃力,–,10,0,–,0,0,1,0,–,0,–,0,0,1,0,1,1,24,15
169,MAR_MA000_B08_EX1,サハスラブジャ,サス,ラブジャ！,千手観音,–,MA000_B08,我流技,1,0,体術,パンチ,打,–,敵,単体,42,1,5,0,98,-2,0,0,0,21,0,筋,体,–,ガード不可,–,–,–,100,0,0,0,–,–,0,0,–,0,0,1,0,–,0,–,0,0,1,2,1,0,26,17
170,MAR_MA000_A02_EX1,上段横蹴り,上段,横蹴り,キック,–,MA000_A02,我流技,1,0,体術,キック,打,–,敵,単体,23,1,1,0,95,-1,1,2,0,17,0,筋,体,–,–,–,–,–,0,0,0,0,–,–,0,0,–,0,0,0,0,–,0,–,0,0,1,0,1,0,19,10
171,MAR_MA000_A08_EX1,ライトニングブリッツ,ライト,ブリッツ,稲妻キック,–,MA000_A08,我流技,1,0,体術,キック,打,雷,敵,単体,28,1,2,0,94,4,2,2,1,18,0,運,体,–,–,–,–,–,0,0,0,0,–,–,0,0,–,0,0,0,0,–,0,–,0,0,1,0,1,0,20,11
172,MAR_MA000_B01_EX1,追従登り,追従,登り,滝登り,–,MA000_B01,我流技,1,0,体術,キック,打,冷,敵,他者,29,1,2,0,95,1,2,2,0,18,0,運,体,–,–,–,–,–,0,0,0,0,–,–,0,0,–,0,0,0,0,–,0,フォロー,100,0,1,0,0,0,9,11
173,MAR_MA000_B04_EX1,龍の顎,龍の,顎,三龍旋,–,MA000_B04,我流技,1,0,体術,キック,打,–,敵,単体,45,1,5,0,95,2,5,3,0,21,0,筋,体,–,–,–,–,–,0,0,0,0,–,–,0,0,–,0,0,0,0,精霊,0,–,0,0,1,0,1,2,23,14
174,MAR_MA000_B07_EX1,アクセルラッシュ,アクセル,ラッシュ,エアリアルラッシュ,–,MA000_B07,我流技,1,0,体術,キック,打,–,敵,単体,31,1,3,0,95,2,3,3,0,18,0,運,体,–,–,–,–,–,0,0,0,0,すばやさ,–,8,0,対空,0,0,0,0,–,0,–,0,0,1,1,1,1,24,15
175,MAR_MA000_A04_EX1,レッグダイブ,レッグ,ダイブ,タックル,–,MA000_A04,我流技,1,0,体術,体当たり,打,–,敵,単体,25,1,2,0,91,0,4,3,1,17,0,体,体,–,–,–,–,–,0,0,0,0,–,–,0,0,–,0,0,0,0,–,1,–,0,0,1,0,1,1,20,11
176,MAR_MA000_A06_EX1,スパイラルスプラッシュ,スパイ,スパイラル,フライングボディプレス,–,MA000_A06,我流技,1,0,体術,体当たり,打,–,敵,単体,30,1,2,0,92,2,4,3,0,18,0,体,体,–,–,–,–,–,0,0,0,0,–,–,0,0,–,0,0,0,0,–,0,–,0,0,1,0,1,0,20,11
177,MAR_MA000_A09_EX1,レッグスウィープ,レッグ,スウィープ,かわづ掛け,–,MA000_A09,我流技,1,0,体術,体当たり,打,–,敵,単体,54,1,3,0,92,0,6,4,0,22,0,技,体,–,スタン,ガード不可,–,–,50,100,0,0,–,–,0,0,対地,0,0,0,0,–,0,打インタラプト,100,0,1,0,1,0,21,5
178,MAR_MA000_B02_EX1,必中当て身,必中,当て身,当て身投げ,–,MA000_B02,我流技,1,0,体術,体当たり,打,–,敵,単体,41,1,4,0,92,-4,8,4,0,20,0,技,体,–,–,–,–,–,0,0,0,0,–,–,0,0,–,1,0,0,0,–,0,–,0,0,1,1,1,0,22,13
179,MAR_MA000_B09_EX1,先風陣,先,風陣,風殺陣,–,MA000_B09,我流技,1,0,体術,体当たり,打,–,敵,単体,30,1,3,0,92,3,6,4,0,18,0,体,体,–,挑発,ヘイト消去,–,–,100,0,0,0,–,–,0,0,–,0,0,0,1,–,0,–,0,0,1,0,1,3,21,12
180,OHS_WL000_A01_EX2,気合払い,気合,払い,斬り払い,–,WL000_A01,固有技,1,0,片手剣,汎用片手剣,斬,–,敵,単体,21,1,1,0,95,0,0,0,0,20,0,筋,体,–,–,–,–,–,0,0,0,0,術力,–,10,0,–,0,0,0,0,–,0,–,0,0,1,0,1,0,19,10
181,OHS_WL000_A01_UN1,追撃払い,追撃,払い,斬り払い,–,WL000_A01,固有技,1,0,片手剣,汎用片手剣,斬,–,敵,単体,29,1,2,0,95,-2,0,0,0,22,0,運,体,–,–,–,–,–,0,0,0,0,–,–,0,0,–,0,0,1,0,–,0,チェイス,100,0,1,0,0,0,20,11
182,OHS_WL000_A01_UN2,ウェイクアップ,ウェイ,アップ,斬り払い,–,WL000_A01,固有技,1,0,片手剣,汎用片手剣,斬,–,敵,単体,29,1,2,0,95,-7,-80,0,0,22,0,筋,体,–,–,–,–,–,0,0,0,0,–,–,0,0,–,0,0,0,0,–,1,–,0,0,1,0,1,0,20,11
183,OHS_WL000_A04_UN1,ハヤブサカット,ハヤブサ,カット,カットイン,–,WL000_A04,固有技,1,0,片手剣,汎用片手剣,斬,–,敵,単体,28,1,2,0,95,4,0,0,0,22,0,運,体,–,–,–,–,–,0,0,0,0,–,–,0,0,–,0,0,0,0,–,1,–,0,0,1,0,1,1,20,11
184,OHS_WLAXE_A01_UN1,ホークチェイサー,ホーク,チェイサー,マキ割りインパクト,–,WLAXE_A01,固有技,1,0,片手剣,斧,斬,–,敵,単体,31,1,2,0,94,0,2,2,0,23,0,運,体,–,–,–,–,–,0,0,0,0,–,–,0,0,対空,0,0,0,0,–,0,チェイス,100,0,1,0,0,0,20,11
185,THS_WH000_A01_EX2,気合強撃,気合,強撃,強撃,–,WH000_A01,固有技,1,0,両手剣,汎用両手剣,斬,打,敵,単体,30,1,2,0,89,0,4,3,0,38,0,筋,体,–,–,–,–,–,0,0,0,0,術力,–,20,0,–,0,0,0,0,–,0,–,0,0,1,1,1,0,10,24
186,THS_WH000_A01_UN1,終の強撃,終の,強撃,強撃,–,WH000_A01,固有技,1,0,両手剣,汎用両手剣,斬,打,敵,単体,31,1,2,0,89,-5,4,3,0,40,0,筋,体,–,–,–,–,–,0,0,0,0,–,–,0,0,–,0,0,1,0,–,0,–,0,0,1,1,1,0,10,24
187,THS_WH000_A02_UN1,流し洗い,流し,洗い,流し斬り［1］,–,WH000_A02,固有技,1,0,両手剣,汎用両手剣,斬,–,敵,単体,23,1,1,0,89,2,2,2,0,37,0,筋,体,–,攻撃力,–,–,–,-10,0,0,0,–,–,0,0,–,0,0,0,0,–,0,–,0,0,1,0,1,1,9,23
188,THS_WHPSW_B01_UN1,乱高下,乱,乱高下,乱調子,–,WHPSW_B01,固有技,1,0,両手剣,薙刀,斬,–,敵,単体,40,1,3,0,92,7,78,28,0,44,0,技,体,–,–,–,–,–,0,0,0,0,–,–,0,0,–,0,0,0,0,–,0,–,0,0,1,0,1,2,11,25
189,OHG_GL000_A01_EX2,気合射撃,気合,射撃,精密射撃,–,GL000_A01,固有技,1,0,片手銃,片手銃,突,–,敵,単体,19,1,1,0,97,0,0,0,0,19,0,技,体,–,–,–,–,–,0,0,0,0,術力,–,10,0,対空,0,0,0,0,–,1,–,0,0,1,0,1,0,19,10
190,OHG_GL000_B06_UN1,集中散らし,集中,散らし,曲撃ち,–,GL000_B06,固有技,1,0,片手銃,片手銃,突,–,敵,単体,22,1,2,0,92,0,0,0,0,20,0,技,体,–,詠唱延長,–,–,–,75,0,0,0,–,–,0,0,対空,0,0,0,0,–,1,–,0,0,1,0,1,0,20,11
191,ARTS_001_UN,誰よりも遅し,誰よりも,遅し,剣よりも強し,–,GL000_B04,固有技,1,0,片手銃,片手銃,突,–,敵,単体,26,1,2,0,92,-8,0,0,0,22,0,技,体,–,攻撃力,–,–,–,-10,0,0,0,–,–,0,0,対空,0,0,0,0,–,0,–,0,0,1,0,1,0,20,11
192,THG_GH000_A01_EX2,気合散弾,気合,散弾,散弾,–,GH000_A01,固有技,1,0,両手銃,汎用両手銃,打,–,敵,単体,41,1,3,0,86,0,6,4,0,44,0,技,体,–,–,–,–,–,0,0,0,0,術力,–,20,0,対空,0,0,0,0,–,1,–,0,0,1,1,1,1,5,27
193,THG_GH000_A01_UN1,荒れ散弾,荒れ,散弾,散弾,–,GH000_A01,固有技,1,0,両手銃,汎用両手銃,打,–,敵,単体,14,1,1,0,50,1,2,2,0,24,95,集,体,–,–,–,–,–,0,0,0,0,–,–,0,0,対空,0,0,0,0,–,1,–,0,0,1,0,1,1,13,25
194,SOUL_E_M0700_A,ゴロゴロ斬り,ゴロゴロ,ゴロゴロ,斬り払い,–,WL000_A01,ソウル技,1,0,片手剣,汎用片手剣,斬,–,敵,単体,30,1,2,0,95,0,0,0,0,22,0,運,体,–,–,–,–,–,0,0,0,0,–,–,0,0,–,0,0,0,0,–,0,チェイス,100,0,1,0,0,0,20,11
195,SOUL_E_M0000_A,舐め臥像,舐め,臥像,失礼剣,–,WL000_A02,ソウル技,1,0,片手剣,汎用片手剣,斬,–,敵,単体,26,1,2,0,94,-2,0,0,1,44,0,筋,体,–,挑発,–,–,–,100,0,0,0,–,–,0,0,–,0,0,1,0,–,0,–,0,0,1,1,1,0,20,11
196,SOUL_E_M0310_A,疾風パリイ,疾風,パリイ,パリイ,–,WL000_A01,ソウル技,1,0,片手剣,汎用片手剣,–,–,味方,自身,100,1,3,0,0,3,0,0,0,0,0,–,–,–,–,–,–,–,0,0,0,0,–,–,0,0,–,0,0,0,0,–,0,パリイ,75,1,0,0,0,0,21,12
197,SOUL_E_M0720_A,マッハカット,マッハ,カット,カットイン,–,WL000_A04,ソウル技,1,0,片手剣,汎用片手剣,斬,–,敵,単体,33,1,3,0,95,4,0,0,0,23,0,運,体,–,–,–,–,–,0,0,0,0,–,–,0,0,–,0,0,0,1,–,0,–,0,0,1,0,1,1,21,12
198,SOUL_E_M1000_A,デモンズカウンター,デモンズ,カウンター,カットイン,–,WL000_A04,ソウル技,1,0,片手剣,汎用片手剣,斬,–,敵,単体,60,1,3,0,95,1,0,0,0,30,0,技,体,–,ガード不可,–,–,–,100,0,0,0,–,–,0,0,–,1,0,0,0,–,0,カウンター,80,0,1,0,1,0,21,5
199,SOUL_E_M0520_A,はにわ流剣術,はにわ流,剣術,ブラッドスパルタン［未使用］,–,WL000_B01,ソウル技,1,0,片手剣,汎用片手剣,斬,–,敵,単体,48,1,5,0,95,1,0,0,0,27,0,筋,体,–,暗闇,–,–,–,50,0,0,0,–,–,0,0,–,0,0,0,0,–,0,–,0,0,1,3,1,3,24,15
200,SOUL_E_M1020_A,魔の強撃,魔の,強撃,強撃,–,WH000_A01,ソウル技,1,0,両手剣,汎用両手剣,斬,打,敵,単体,36,1,3,0,89,1,6,4,0,42,0,筋,体,–,スタン,–,–,–,50,0,0,0,–,–,0,0,–,0,0,0,0,–,0,–,0,0,1,0,1,1,11,25
201,SOUL_E_M0100_A,清流剣 ,清流,剣 ,ベース清流剣［未使用］,–,WH000_A02a,ソウル技,1,0,両手剣,汎用両手剣,斬,–,敵,単体,39,1,3,0,89,2,6,4,0,44,0,筋,体,–,–,–,–,–,0,0,0,0,–,–,0,0,–,0,0,0,1,–,0,–,0,0,1,0,1,1,11,25
202,SOUL_E_M0010_A,ウルフカバー,ウルフ,カバー,ディフレクト,–,WH000_A03,ソウル技,1,0,両手剣,汎用両手剣,–,–,味方,他者,75,1,4,0,0,-4,0,0,0,0,0,–,–,–,–,–,–,–,0,0,0,0,–,–,0,0,–,0,0,0,0,–,0,プロテクト,100,1,0,0,0,0,12,26
203,SOUL_E_M0210_A,大木斬,大木,大木,ベース大木斬［未使用］,–,WH000_A04a,ソウル技,1,0,両手剣,汎用両手剣,斬,打,敵,単体,51,1,5,0,89,1,10,5,0,49,0,筋,体,–,–,–,–,–,0,0,0,0,–,–,0,0,–,0,0,0,0,植物,0,–,0,0,1,2,1,0,13,27
204,SOUL_E_M0410_A,烏賊剣,烏賊,烏賊剣,払車剣,–,WH000_B01,ソウル技,1,0,両手剣,汎用両手剣,斬,–,敵,全体,21,1,3,0,88,1,6,4,1,35,0,筋,集,–,–,–,–,–,0,0,0,0,–,–,0,0,–,0,0,0,0,–,0,–,0,0,1,1,1,1,11,25
205,SOUL_E_M2200_A,鎌風,鎌,風,払車剣,–,WH000_B01,ソウル技,1,0,両手剣,汎用両手剣,斬,–,敵,全体,13,1,2,0,89,4,4,3,0,23,0,筋,集,–,–,–,–,–,0,0,0,0,–,–,0,0,–,0,0,0,0,–,0,–,0,0,1,0,1,2,10,24
206,SOUL_E_M0800_A,野鳥落とし,野鳥,落とし,精密射撃,–,GL000_A01,ソウル技,1,0,片手銃,片手銃,突,–,敵,単体,26,1,2,0,97,1,0,0,0,22,0,技,体,–,–,–,–,–,0,0,0,0,–,–,0,0,対空,0,0,0,0,有翼,1,–,0,0,1,0,1,0,20,11
207,SOUL_E_M0120_A,妖精のシカエシ,妖精の,シカエシ,反応威嚇,–,GL000_A02,ソウル技,1,0,片手銃,片手銃,突,–,敵,単体,60,1,3,0,92,-1,0,0,0,30,0,技,体,–,ガード不可,–,–,–,100,0,0,0,–,–,0,0,対空,1,0,0,0,–,0,カウンター,80,0,1,0,1,0,21,5
208,SOUL_E_M0300_A,遅延掃射,遅延,掃射,地上掃射,–,GL000_A05,ソウル技,1,0,片手銃,片手銃,突,–,敵,単体,32,1,3,0,92,-3,0,0,0,23,0,技,体,–,スタン,–,–,–,50,0,0,0,–,–,0,0,対地,0,0,1,0,–,1,–,0,0,1,1,1,0,21,12
209,SOUL_E_M0510_A,せんせい強し,せんせい,強し,剣よりも強し,–,GL000_B04,ソウル技,1,0,片手銃,片手銃,突,–,敵,単体,20,1,2,0,92,1,0,0,0,20,0,技,体,–,攻撃力,ガード不可,–,–,-10,100,0,0,–,–,0,0,対空,0,0,0,0,–,0,–,0,0,1,0,0,0,20,11
210,SOUL_E_M0820_A,バットチェイサー,バット,チェイサー,跳弾,–,GL000_B08,ソウル技,1,0,片手銃,片手銃,突,–,敵,単体,28,1,2,0,100,1,0,0,0,22,0,運,体,–,–,–,–,–,0,0,0,0,–,–,0,0,対空,0,0,0,0,–,1,チェイス,100,0,1,0,0,0,20,11
211,SOUL_E_M2100_A,覚醒跳弾,覚醒,跳弾,跳弾,–,GL000_B08,ソウル技,1,0,片手銃,片手銃,突,–,敵,単体,34,1,4,0,100,2,0,0,0,24,0,技,体,–,–,–,–,–,0,0,0,0,攻撃力,–,20,0,対空,0,0,0,1,–,1,–,0,0,1,1,1,1,22,13
212,SOUL_E_M0230_A,突く突く弾,突く,突く弾,散弾,–,GH000_A01,ソウル技,1,0,両手銃,汎用両手銃,打,–,敵,単体,30,1,1,0,86,1,2,2,0,38,0,技,体,–,–,–,–,–,0,0,0,0,–,–,0,0,対空,0,0,0,0,–,1,–,0,0,1,0,1,0,3,25
213,SOUL_E_M0320_A,散弾ぶちかまし,散弾,ぶちかまし,散弾,–,GH000_A01,ソウル技,1,0,両手銃,汎用両手銃,打,–,敵,単体,39,1,3,0,86,2,6,4,0,44,0,技,体,–,スタン,–,–,–,50,0,0,0,–,–,0,0,対空,0,0,0,1,–,1,–,0,0,1,0,1,2,5,27
214,SOUL_E_M0220_A,ヒートシャワー,ヒート,シャワー,サンライトシャワー,–,GH000_A03,ソウル技,1,0,両手銃,汎用両手銃,打,–,敵,単体,34,1,2,0,86,3,4,3,0,42,0,技,体,–,挑発,–,–,–,100,0,0,0,–,–,0,0,対空,0,0,0,1,–,1,–,0,0,1,0,1,1,4,26
215,SOUL_E_M0710_A,甲羅バスター,甲羅,バスター,チェストバスター,–,GH000_A04,ソウル技,1,0,両手銃,汎用両手銃,打,–,敵,単体,46,1,4,0,86,-2,8,4,0,46,0,技,体,–,防御力,–,–,–,-20,0,0,0,–,–,0,0,対空,0,0,1,0,–,1,–,0,0,1,2,1,0,6,28
216,SOUL_E_M1010_A,スクリームバースト,スクリーム,バースト,トリガーハッピー［未使用］,–,GH000_B01,ソウル技,1,0,両手銃,汎用両手銃,打,–,敵,単体,58,1,5,0,86,1,10,5,0,52,0,技,体,–,–,–,–,–,0,0,0,0,–,–,0,0,対空,0,0,0,0,–,1,–,0,0,1,0,1,1,7,29
217,SOUL_E_M0900_A,元素制圧,元素,制圧,ベース元素制圧［未使用］,–,GH000_B02b,ソウル技,1,0,両手銃,汎用両手銃,打,–,敵,全体,24,1,4,0,86,-1,8,4,0,37,0,技,体,–,術力,–,–,–,-20,0,0,0,–,–,0,0,対空,0,0,0,0,–,0,–,0,0,1,2,1,2,6,28
218,SOUL_E_M0400_A,カエルパンチ,カエル,パンチ,パンチ,–,MA000_A01,ソウル技,1,0,体術,パンチ,打,–,敵,単体,25,1,2,0,98,-1,0,0,0,17,0,筋,体,–,–,–,–,–,0,0,0,0,–,–,0,0,–,0,0,0,1,虫,0,–,0,0,1,0,1,0,23,14
219,SOUL_E_M2000_A,ド突く,ド,突く,短勁,–,MA000_A07,ソウル技,1,0,体術,パンチ,打,突,敵,単体,30,1,3,0,96,1,0,0,2,18,0,技,体,–,防御力,–,–,–,-10,0,0,0,–,–,0,0,–,0,0,0,1,–,0,–,0,0,1,0,1,0,24,15
220,SOUL_E_M0500_A,電撃脚,電撃,脚,稲妻キック,–,MA000_A08,ソウル技,1,0,体術,キック,打,雷,敵,単体,38,1,4,0,93,2,4,3,2,19,0,運,体,–,–,–,–,–,0,0,0,0,–,–,0,0,–,0,0,0,0,元素霊,0,–,0,0,1,1,1,1,22,13
221,SOUL_E_M0420_A,海馬跳躍,海馬,跳躍,滝登り,–,MA000_B01,ソウル技,1,0,体術,キック,打,冷,敵,単体,38,1,4,0,95,0,4,3,0,19,0,筋,体,–,–,–,–,–,0,0,0,0,–,–,0,0,–,0,0,0,0,精霊,0,–,0,0,1,1,1,0,22,13
222,SOUL_E_M0110_A,ドラゴンファング,ドラゴン,ファング,三龍旋,–,MA000_B04,ソウル技,1,0,体術,キック,打,–,敵,単体,49,1,5,0,95,-5,5,3,0,22,0,筋,体,–,–,–,–,–,0,0,0,0,–,–,0,0,–,0,0,1,0,–,0,–,0,0,1,1,1,0,23,14
223,SOUL_E_M0020_A,猪突タックル,猪突,タックル,タックル,–,MA000_A04,ソウル技,1,0,体術,体当たり,打,–,敵,単体,34,1,3,0,91,1,6,4,1,19,0,体,体,–,–,–,–,–,0,0,0,0,–,–,0,0,–,0,0,0,1,–,0,–,0,0,1,0,1,1,21,12
224,SOUL_E_M0810_A,フライタックル,フライ,タックル,タックル,–,MA000_A04,ソウル技,1,0,体術,体当たり,打,–,敵,単体,33,1,3,0,96,2,6,4,1,18,0,体,体,–,–,–,–,–,0,0,0,0,–,–,0,0,対空,0,0,0,0,–,0,–,0,0,1,0,1,1,21,12
225,OHS_WL000_A04_BLD01,レッドハービンガー,レッド,ビンガー,レッドハービンガー,–,WL000_A04,ブラッド技,1,0,片手剣,汎用片手剣,斬,–,敵,単体,26,1,1,0,95,5,0,0,0,22,0,運,体,–,スタン,ガード不可,–,–,50,0,0,0,LPダメージ,–,1,0,–,1,0,0,0,–,0,–,0,1,1,0,1,3,25,25
226,OHS_WL000_A04_BLD02,ブラッドフォロー,ブラッド,フォロー,ブラッドフォロー,–,WL000_A04,ブラッド技,1,0,片手剣,汎用片手剣,斬,–,敵,他者,39,1,2,0,95,-4,0,0,0,24,0,運,体,–,ガード不可,–,–,–,0,0,0,0,LPダメージ,–,1,0,–,1,0,1,0,–,0,フォロー,100,1,1,0,0,0,15,26
227,OHS_WL000_A04_BLD03,ブラッドチェイス,ブラッド,チェイス,ブラッドチェイス,–,WL000_A04,ブラッド技,1,0,片手剣,汎用片手剣,斬,–,敵,単体,51,1,3,0,95,2,0,0,0,28,0,運,体,–,ガード不可,–,–,–,0,0,0,0,LPダメージ,–,1,0,–,1,0,0,0,–,0,チェイス,100,1,1,0,0,0,27,27
228,OHS_WL000_B01_BLD01,ブラッドスパルタン［1］,スパルタ,スパルタン,ブラッドスパルタン［1］,–,WL000_B01,ブラッド技,1,0,片手剣,汎用片手剣,斬,–,敵,単体,45,1,4,0,95,2,0,0,0,26,0,筋,体,–,即死,ガード不可,–,–,75,0,0,0,LPダメージ,–,2,0,–,1,0,0,0,–,0,–,0,1,1,2,1,2,28,28
229,OHS_WL000_B01_BLD02,ダークスパルタン,ダーク,スパルタン,ダークスパルタン,–,WL000_B01,ブラッド技,1,0,片手剣,汎用片手剣,斬,–,敵,単体,60,1,5,0,95,0,0,0,0,30,0,筋,体,–,暗闇,ガード不可,–,–,75,0,0,0,LPダメージ,–,1,0,–,1,0,0,0,–,0,–,0,1,1,3,1,1,29,29
230,THS_WH000_A02_BLD03,ブラッドカウンター,ブラッド,カウンター,ブラッドカウンター,–,WH000_A02,ブラッド技,1,0,両手剣,汎用両手剣,斬,–,敵,単体,88,1,3,0,89,-2,6,4,0,65,0,技,体,–,攻撃力,ガード不可,–,–,-20,0,0,0,LPダメージ,–,1,0,–,1,0,1,0,–,0,カウンター,85,1,1,0,1,0,24,5
231,THS_WH000_A04_BLD01,ブラッドスタン,ブラッド,スタン,ブラッドスタン,–,WH000_A04,ブラッド技,1,0,両手剣,汎用両手剣,斬,打,敵,単体,30,1,2,0,89,1,4,3,0,38,0,筋,体,–,防御力,スタン,ガード不可,–,-10,100,0,0,LPダメージ,–,1,0,–,1,0,0,0,–,0,–,0,1,1,0,1,3,23,40
232,THS_WH000_A04_BLD02,ブラッドバンプ,ブラッド,バンプ,ブラッドバンプ,–,WH000_A04,ブラッド技,1,0,両手剣,汎用両手剣,斬,打,敵,単体,67,1,5,0,84,1,10,5,5,56,0,筋,体,–,防御力,ガード不可,–,–,-10,0,0,0,LPダメージ,–,1,0,–,1,0,0,0,–,0,–,0,1,1,2,1,2,26,43
233,THS_WH000_B01_BLD02,デスウインド,デス,ウインド,デスウインド,–,WH000_B01a,ブラッド技,1,0,両手剣,汎用両手剣,斬,–,敵,全体,28,1,4,0,89,-1,8,4,0,38,0,筋,集,–,即死,ガード不可,–,–,50,0,0,0,LPダメージ,–,3,0,–,1,0,0,0,–,0,–,0,1,1,2,1,2,25,42
234,OHG_GL000_B03_BLD01,ギダンルプープル,ギダン,プル,ギダンルプープル,–,GL000_B03,ブラッド技,1,0,片手銃,片手銃,突,–,敵,単体,23,1,3,0,95,3,0,0,0,21,0,技,体,–,ガード不可,連携時攻撃力,–,–,0,10,0,0,LPダメージ,–,2,0,対空,1,0,0,0,–,1,–,0,1,1,0,1,4,27,27
235,OHG_GL000_B04_BLD01,ブラッドポイズン,ブラッド,ポイズン,ブラッドポイズン,–,GL000_B04a,ブラッド技,1,0,片手銃,片手銃,突,–,敵,単体,17,1,1,0,95,2,0,0,0,17,0,技,体,–,攻撃力,毒,ガード不可,–,-10,75,0,0,LPダメージ,–,1,0,対空,1,0,0,0,–,0,–,0,1,1,0,1,3,25,25
236,OHG_GL000_B04_BLD02,デスショット,デス,ショット,デスショット,–,GL000_B04b,ブラッド技,1,0,片手銃,片手銃,突,–,敵,単体,39,1,4,0,95,0,0,0,0,25,0,技,体,–,攻撃力,即死,ガード不可,–,-10,75,0,0,LPダメージ,–,2,0,対空,1,0,0,0,–,0,–,0,1,1,2,1,2,28,28
237,OHG_GL000_B05_BLD01,ブラッドテクニック,ブラッド,テクニック,ブラッドテクニック,–,GL000_B05,ブラッド技,1,0,片手銃,片手銃,突,–,敵,単体,28,1,2,0,95,-1,0,0,0,22,0,技,体,–,ガード不可,–,–,–,0,0,0,0,LPダメージ,–,1,0,対空,1,1,0,0,–,1,–,0,1,1,3,1,0,26,26
238,THG_GH000_A02_BLD01,ラストブラッド,ラスト,ブラッド,ラストブラッド,–,GH000_A02,ブラッド技,1,0,両手銃,汎用両手銃,打,–,敵,単体,37,1,1,0,89,-6,2,2,0,42,0,技,体,–,すばやさ,ガード不可,–,–,-8,0,0,0,LPダメージ,–,1,0,対地,1,0,0,1,–,1,–,0,1,1,3,1,0,21,41
239,THG_GH000_A02_BLD02,パニックブラッド,パニック,ブラッド,パニックブラッド,–,GH000_A02a,ブラッド技,1,0,両手銃,汎用両手銃,打,–,敵,単体,48,1,3,0,89,0,6,4,0,47,0,技,体,–,すばやさ,混乱,ガード不可,–,-8,75,0,0,LPダメージ,–,2,0,対地,1,0,0,0,–,1,–,0,1,1,2,1,2,23,43
240,THG_GH000_A03_BLD01,ブラッディシャワー,ブラッディ,シャワー,ブラッディシャワー,–,GH000_A03,ブラッド技,1,0,両手銃,汎用両手銃,打,–,敵,単体,64,1,4,0,86,1,8,4,0,54,0,技,体,–,ガード不可,挑発,–,–,0,100,0,0,LPダメージ,–,1,0,対空,1,0,0,1,–,1,–,0,1,1,0,1,3,24,44
241,THG_GH000_B01_BLD01,トリガーハッピー,トリガー,ハッピー,トリガーハッピー,–,GH000_B01,ブラッド技,1,0,両手銃,汎用両手銃,打,–,敵,単体,41,1,2,0,89,-1,4,3,0,44,0,技,体,–,スタン,ガード不可,–,–,50,0,0,0,LPダメージ,–,1,0,対空,1,0,0,0,–,1,–,0,1,1,2,1,2,22,42
242,THG_GH000_B02_BLD02,デスバラージュ,デス,バラージュ,デスバラージュ,–,GH000_B02a,ブラッド技,1,0,両手銃,汎用両手銃,打,–,敵,全体,35,1,5,0,89,0,10,5,0,42,0,技,体,–,即死,ガード不可,–,–,50,0,0,0,LPダメージ,–,3,0,対空,1,0,0,0,–,0,–,0,1,1,3,1,3,25,45
243,MAR_MA000_B06_BLD02,龍神烈風拳,龍神,烈風拳,龍神烈風拳,–,MA000_B06,ブラッド技,1,0,体術,パンチ,打,熱,敵,単体,38,1,3,0,98,3,0,0,0,19,0,筋,体,–,ガード不可,–,–,–,0,0,0,0,攻撃力,LPダメージ,10,1,–,1,0,0,1,–,0,–,0,1,1,0,1,3,30,30
244,MAR_MA000_B01_BLD01,昏倒瀑布,昏倒,瀑布,昏倒瀑布,–,MA000_B01,ブラッド技,1,0,体術,キック,打,冷,敵,単体,22,1,1,0,95,3,1,2,0,16,0,筋,体,–,スタン,ガード不可,–,–,100,0,0,0,LPダメージ,–,1,0,–,1,0,0,0,–,0,–,0,1,1,3,1,0,25,25
245,MAR_MA000_B01_BLD02,絶命瀑布,絶命,瀑布,絶命瀑布,–,MA000_B01a,ブラッド技,1,0,体術,キック,打,冷,敵,単体,43,1,4,0,95,1,4,3,0,21,0,筋,体,–,即死,ガード不可,–,–,75,0,0,0,LPダメージ,–,2,0,–,1,0,0,0,–,0,–,0,1,1,2,1,2,28,28
246,MAR_MA000_B09_BLD01,血殺陣,血殺,殺陣,血殺陣,–,MA000_B09,ブラッド技,1,0,体術,体当たり,打,–,敵,単体,83,1,3,0,92,-1,6,4,0,29,0,技,体,–,ガード不可,挑発,ヘイト消去,–,0,100,0,0,LPダメージ,–,1,0,–,1,0,1,0,–,0,カウンター,85,1,1,0,1,0,27,5
247,SL_RB_A_01_IHA01,清浄招来,清浄,招来,清浄招来,–,RB_A_01,継承技,1,0,継承,–,–,–,味方,自身,0,1,2,0,100,0,0,0,0,0,0,–,–,–,状態異常無効,–,–,–,8,0,0,0,–,–,0,0,–,0,0,0,0,–,0,–,0,0,0,0,0,0,20,11
248,SL_RB_A_02_IHA02,調和招来,調和,招来,調和招来,–,RB_A_02,継承技,1,0,継承,–,–,–,味方,自身,0,1,2,0,100,0,0,0,0,0,0,–,–,–,連携範囲拡張,–,–,–,1,0,0,0,–,–,0,0,–,0,0,0,0,–,0,–,0,0,0,0,0,0,20,11
249,SL_RB_A_03_IHA03,剛力招来,剛力,招来,剛力招来,–,RB_A_03,継承技,1,0,継承,–,–,–,味方,自身,0,1,3,0,100,0,0,0,0,0,0,–,–,–,技威力,–,–,–,4,0,0,0,–,–,0,0,–,0,0,0,0,–,0,–,0,0,0,0,0,0,21,12
250,SL_RB_A_04_IHA04,真理招来,真理,招来,真理招来,–,RB_A_04,継承技,1,0,継承,–,–,–,味方,自身,0,1,4,0,100,0,0,0,0,0,0,–,–,–,BPコスト,–,–,–,-1,0,0,0,–,–,0,0,–,0,0,0,0,–,0,–,0,0,0,0,0,0,20,11
251,SL_RB_B_01_IHA05,剛力の芳香,剛力の,芳香,剛力の芳香,–,RB_B_01,継承技,1,0,継承,–,–,–,味方,単体,0,1,3,0,100,0,0,0,0,0,0,–,–,–,攻撃力,–,–,–,20,0,0,0,–,–,0,0,–,0,0,0,0,–,0,–,0,0,0,0,0,0,21,12
252,SL_RB_B_02_IHA06,剛堅の芳香,剛堅の,芳香,剛堅の芳香,–,RB_B_02,継承技,1,0,継承,–,–,–,味方,単体,0,1,3,0,100,0,0,0,0,0,0,–,–,–,防御力,–,–,–,20,0,0,0,–,–,0,0,–,0,0,0,0,–,0,–,0,0,0,0,0,0,21,12
253,SL_RB_B_03_IHA07,俊敏の芳香,俊敏の,芳香,俊敏の芳香,–,RB_B_03,継承技,1,0,継承,–,–,–,味方,単体,0,1,3,0,100,0,0,0,0,0,0,–,–,–,すばやさ,–,–,–,16,0,0,0,–,–,0,0,–,0,0,0,0,–,0,–,0,0,0,0,0,0,21,12
254,SL_RB_B_04_IHA08,英知の芳香,英知の,芳香,英知の芳香,–,RB_B_04,継承技,1,0,継承,–,–,–,味方,単体,0,1,3,0,100,0,0,0,0,0,0,–,–,–,術力,–,–,–,20,0,0,0,–,–,0,0,–,0,0,0,0,–,0,–,0,0,0,0,0,0,21,12
255,SL_RB_B_05_IHA09,回復の芳香,回復の,芳香,回復の芳香,–,RB_B_05,継承技,1,0,継承,–,–,–,味方,単体,0,1,2,0,100,0,0,0,0,0,0,–,–,–,状態回復,–,–,–,0,0,0,0,–,–,0,0,–,0,0,0,0,–,0,–,0,0,0,0,0,0,20,11
256,SL_RB_C_01_IHA10,麻痺胞子,麻痺,胞子,麻痺胞子,–,RB_C_01,継承技,1,0,継承,–,無,–,敵,単体,10,1,2,0,95,-1,0,0,0,10,0,知,集,–,マヒ,–,–,–,50,0,0,0,–,–,0,0,対空,0,0,0,0,–,0,–,0,0,1,1,1,0,20,11
257,SL_RB_C_02_IHA11,毒胞子,毒,胞子,毒胞子,–,RB_C_02,継承技,1,0,継承,–,無,–,敵,単体,11,1,1,0,95,1,0,0,0,11,0,知,集,–,毒,–,–,–,75,0,0,0,–,–,0,0,対空,0,0,0,0,–,0,–,0,0,1,0,1,1,20,11
258,SL_RB_C_03_IHA12,暗闇胞子,暗闇,胞子,暗闇胞子,–,RB_C_03,継承技,1,0,継承,–,無,–,敵,単体,12,1,2,0,95,1,0,0,0,12,0,知,集,–,暗闇,–,–,–,50,0,0,0,–,–,0,0,対空,0,0,0,0,–,0,–,0,0,1,0,1,1,20,11
259,SL_RB_C_04_IHA13,悪臭胞子,悪臭,胞子,悪臭胞子,–,RB_C_04,継承技,1,0,継承,–,無,–,敵,単体,10,1,2,0,95,0,0,0,0,10,0,知,集,–,悪臭,–,–,–,100,0,0,0,–,–,0,0,対空,0,0,0,0,–,0,–,0,0,1,1,1,1,20,11
260,SL_RB_C_05_IHA14,混乱胞子,混乱,胞子,混乱胞子,–,RB_C_05,継承技,1,0,継承,–,無,–,敵,単体,11,1,1,0,95,-1,0,0,0,11,0,知,集,–,混乱,–,–,–,50,0,0,0,–,–,0,0,対空,0,0,0,0,–,0,–,0,0,1,1,1,0,20,11
261,SL_RB_C_06_IHA15,興奮胞子,興奮,胞子,興奮胞子,–,RB_C_06,継承技,1,0,継承,–,無,–,敵,単体,13,1,1,0,95,1,0,0,0,13,0,知,集,–,挑発,–,–,–,100,0,0,0,–,–,0,0,対空,0,0,0,0,–,0,–,0,0,1,0,1,1,20,11
262,MON_M054_A01a,細胞液,細胞,液,細胞液,–,M054_A01a,モンスター技,1,1,モンスター,–,熱,–,敵,単体,23,1,1,0,95,0,0,0,0,21,0,知,集,–,–,–,–,–,0,0,0,0,–,–,0,0,–,0,0,0,0,–,0,–,0,0,1,0,1,0,20,20
263,MON_M001X_A01a,ウルフファング,ウルフ,ファング,ウルフファング,–,M001_A02a,モンスター技,1,0,モンスター,–,斬,–,敵,単体,23,1,1,0,95,0,0,0,0,21,0,筋,体,–,–,–,–,–,0,0,0,0,–,–,0,0,–,0,0,0,0,–,0,–,0,0,1,0,1,0,20,20
264,MON_M003_A01a,ネコひっかき,ネコ,ひっかき,ネコひっかき,–,M004_A01a,モンスター技,1,0,モンスター,–,斬,–,敵,単体,23,1,1,0,95,0,0,0,0,21,0,筋,体,–,–,–,–,–,0,0,0,0,–,–,0,0,–,0,0,0,0,–,0,–,0,0,1,0,1,0,20,20
265,MON_M110_A01a,もぐらスクリュー,もぐら,スクリュー,もぐらスクリュー,–,M110_A01a,モンスター技,1,0,モンスター,–,突,–,敵,単体,23,1,1,0,95,0,0,0,0,21,0,筋,体,–,–,–,–,–,0,0,0,0,–,–,0,0,–,0,0,0,0,–,0,–,0,0,1,0,1,0,20,20
266,MON_M072X_A01a,蟷螂刃,蟷螂,刃,蟷螂刃,–,M072_A01a,モンスター技,1,0,モンスター,–,斬,–,敵,単体,23,1,1,0,95,0,0,0,0,21,0,筋,体,–,–,–,–,–,0,0,0,0,–,–,0,0,–,0,0,0,0,–,0,–,0,0,1,0,1,0,20,20
267,MON_M000_A02a,舐め斬る［1］,舐め,斬る,舐め斬る［1］,–,M000_A02a,モンスター技,1,0,モンスター,–,斬,–,敵,単体,20,1,1,0,95,-1,0,0,0,20,0,筋,体,–,すばやさ,–,–,–,-8,0,0,0,–,–,0,0,–,0,0,0,0,–,0,–,0,0,1,0,1,0,20,20
268,MON_M000_A01a,サンダースマッシュ［1］,サンダー,スマッシュ,サンダースマッシュ［1］,–,M000_A01a,モンスター技,1,1,モンスター,–,斬,雷,敵,単体,29,1,3,0,95,3,0,0,0,22,0,筋,体,–,メカスタン,–,–,–,50,0,0,0,–,–,0,0,–,0,0,0,0,水棲,0,–,0,0,1,0,1,1,22,22
269,MON_M000_A03a,奇襲の牙［1］,奇襲,牙,奇襲の牙［1］,–,M000_A03a,モンスター技,1,0,モンスター,–,打,–,敵,単体,53,1,3,0,95,-1,3,3,0,28,0,技,体,–,ガード不可,–,–,–,100,0,0,0,–,–,0,0,–,0,0,0,0,–,0,打インタラプト,100,0,1,0,1,0,22,5
270,MON_M000_A04a,逆襲の牙［1］,逆襲,牙,逆襲の牙［1］,–,M000_A04a,モンスター技,1,0,モンスター,–,斬,–,敵,単体,53,1,3,0,95,0,3,3,0,28,0,技,体,–,ガード不可,–,–,–,100,0,0,0,–,–,0,0,–,0,0,0,0,–,0,斬インタラプト,100,0,1,0,1,0,22,5
271,MON_M000_A05a,急襲の牙［1］,急襲,牙,急襲の牙［1］,–,M000_A05a,モンスター技,1,0,モンスター,–,突,–,敵,単体,53,1,3,0,95,-2,3,3,0,28,0,技,体,–,ガード不可,–,–,–,100,0,0,0,–,–,0,0,–,0,0,0,0,–,0,突インタラプト,100,0,1,0,1,0,22,5
272,MON_M001_A02a,アーマーブレイク［1］,アーマー,ブレイク,アーマーブレイク［1］,–,M001_A02a,モンスター技,1,0,モンスター,–,斬,–,敵,単体,25,1,2,0,95,-1,0,0,0,21,0,筋,体,–,防御力,–,–,–,-10,0,0,0,–,–,0,0,–,0,0,0,0,–,0,–,0,0,1,0,1,0,21,21
273,MON_M001_A04a,ブレイクカウンター［1］,ブレイク,カウンター,ブレイクカウンター［1］,–,M001_A04a,モンスター技,1,0,モンスター,–,斬,–,敵,単体,62,1,4,0,95,-2,4,3,0,30,0,技,体,–,防御力,ガード不可,–,–,-20,100,0,0,–,–,0,0,–,1,0,0,0,魔族,0,カウンター,82,0,1,0,1,0,23,6
274,MON_M002_A01a,突進［1］,突,突進,突進［1］,–,M002_A01a,モンスター技,1,0,モンスター,–,打,–,敵,単体,21,1,1,0,84,2,0,0,1,20,0,体,体,–,メカスタン,–,–,–,50,0,0,0,–,–,0,0,–,0,0,0,0,–,0,–,0,0,1,0,1,1,20,20
275,MON_M002_A02a,かちあげ［1］,かち,あげ,かちあげ［1］,–,M002_A02a,モンスター技,1,0,モンスター,–,打,–,敵,単体,28,1,2,0,85,1,0,0,0,22,0,筋,体,–,スタン,–,–,–,50,0,0,0,–,–,0,0,–,0,0,0,0,–,0,–,0,0,1,0,1,0,21,21
276,MON_M002_A05a,イノシシストライク［1］,イノシシ,ストライク,イノシシストライク［1］,–,M002_A05a,モンスター技,1,0,モンスター,–,打,–,敵,単体,43,1,4,0,84,-2,12,6,1,26,0,筋,体,–,–,–,–,–,0,0,0,0,–,–,0,0,–,0,0,0,0,–,0,–,0,0,1,1,1,0,23,23
277,MON_M002_A04a,ヒップアタック［1］,ヒップ,アタック,ヒップアタック［1］,–,M002_A04a,モンスター技,1,0,モンスター,–,打,–,敵,単体,33,1,3,0,84,2,0,0,1,23,0,筋,体,–,挑発,–,–,–,100,0,0,0,–,–,0,0,–,0,0,0,0,虫,0,–,0,0,1,0,1,1,22,22
278,MON_M002_A03a,悪臭返し［1］,悪臭,返し,悪臭返し［1］,–,M002_A03a,モンスター技,1,0,モンスター,–,熱,–,敵,単体,31,1,2,0,100,0,2,2,1,23,0,知,集,–,悪臭,ガード不可,–,–,100,100,0,0,–,–,0,0,–,0,0,0,0,植物,0,斬インタラプト,100,0,1,0,1,0,21,4
279,MON_M002_A03a_A,悪臭［1］,悪,悪臭,悪臭［1］,–,M002_A03a,モンスター技,1,0,モンスター,–,熱,–,敵,単体,22,1,2,0,94,0,2,2,1,20,0,知,集,–,悪臭,–,–,–,100,0,0,0,–,–,0,0,–,0,0,0,0,植物,0,–,0,0,1,0,1,0,21,21
280,MON_M002_A03a_B,追撃悪臭［1］,追撃,悪臭,追撃悪臭［1］,–,M002_A03a,モンスター技,1,0,モンスター,–,熱,–,敵,単体,23,1,2,0,94,0,2,2,1,21,0,知,集,–,悪臭,–,–,–,100,0,0,0,–,–,0,0,–,0,0,0,0,植物,0,チェイス,100,0,1,0,0,0,21,21
281,MON_M010_A01a,なぎ払う［1］,なぎ,払う,なぎ払う［1］,–,M010_A01a,モンスター技,1,0,モンスター,–,斬,–,敵,単体,26,1,2,0,95,2,0,0,0,22,0,筋,体,–,スタン,–,–,–,50,0,0,0,–,–,0,0,–,0,0,0,0,–,0,–,0,0,1,0,1,0,21,21
282,MON_M010_A02a,流し斬り［2］,流し,斬り,流し斬り［2］,–,M010_A02a,モンスター技,1,0,モンスター,–,斬,–,敵,単体,31,1,3,0,95,1,0,0,0,23,0,筋,体,–,攻撃力,–,–,–,-10,0,0,0,–,–,0,0,–,0,0,0,0,–,0,–,0,0,1,0,1,1,22,22
283,MON_M010_B02a,みじん斬り［1］,みじん,斬り,みじん斬り［1］,–,M010_B02a,モンスター技,1,0,モンスター,–,斬,–,敵,単体,39,1,4,0,94,-1,4,3,1,25,0,筋,体,–,–,–,–,–,0,0,0,0,–,–,0,0,–,0,0,0,0,魔族,0,–,0,0,1,1,1,0,23,23
284,MON_M010_A04a,落月破斬［2］,落月,破斬,落月破斬［2］,–,M010_A04a,モンスター技,1,0,モンスター,–,斬,–,敵,単体,33,1,3,0,95,3,3,3,0,23,0,技,体,–,–,–,–,–,0,0,0,0,–,–,0,0,–,0,0,0,0,–,1,–,0,0,1,0,1,2,22,22
285,MON_M011_A01a,ファングクラッシュ［1］,ファング,クラッシュ,ファングクラッシュ［1］,–,M011_A01a,モンスター技,1,1,モンスター,–,突,–,敵,単体,45,1,5,0,94,3,0,0,1,26,0,筋,体,–,防御力,–,–,–,-10,0,0,0,–,–,0,0,–,0,0,0,0,–,0,–,0,0,1,0,1,0,24,24
286,MON_M011_B02a,グライダースパイク［1］,グライダー,スパイク,グライダースパイク［1］,–,M011_B02a,モンスター技,1,1,モンスター,–,突,–,敵,単体,54,1,7,0,93,4,21,9,2,28,0,筋,体,–,攻撃力,–,–,–,-10,0,0,0,–,–,0,0,–,0,0,0,0,有翼,0,–,0,0,1,0,1,4,26,26
287,MON_M012_A03a,妖精のイタズラ［1］,妖精の,イタズラ,妖精のイタズラ［1］,–,M012_A03a,モンスター技,1,0,モンスター,–,雷,–,敵,単体,49,1,3,0,95,-2,3,3,0,27,0,知,体,–,ガード不可,–,–,–,100,0,0,0,–,–,0,0,対空,0,0,0,0,水棲,1,打インタラプト,100,0,1,0,1,0,22,5
288,MON_M012_A04a,妖精のオシオキ［1］,妖精の,オシオキ,妖精のオシオキ［1］,–,M012_A04a,モンスター技,1,0,モンスター,–,冷,–,敵,単体,49,1,3,0,95,1,3,3,0,27,0,知,体,–,ガード不可,–,–,–,100,0,0,0,–,–,0,0,対空,0,0,0,0,獣,1,突インタラプト,100,0,1,0,1,0,22,5
289,MON_M021_A01a,ビンタ［1］,ビン,ビンタ,ビンタ［1］,–,M021_A01a,モンスター技,1,0,モンスター,–,打,–,敵,単体,35,1,3,0,90,0,0,0,0,24,0,筋,体,–,挑発,–,–,–,100,0,0,0,–,–,0,0,–,0,0,0,0,–,0,–,0,0,1,0,1,0,22,22
290,MON_M021_A02a,割り込みチョップ［1］,割り込み,チョップ,割り込みチョップ［1］,–,M021_A02a,モンスター技,1,0,モンスター,–,打,–,敵,単体,59,1,4,0,99,-1,4,3,1,30,0,技,体,–,メカスタン,ガード不可,–,–,50,100,0,0,–,–,0,0,–,0,0,0,0,–,0,突インタラプト,100,0,1,0,1,0,23,6
291,MON_M021_A03a,挟み込み［1］,挟み,込み,挟み込み［1］,–,M021_A03a,モンスター技,1,0,モンスター,–,打,–,敵,単体,43,1,5,0,95,2,5,3,0,26,0,筋,体,–,スタン,–,–,–,50,0,0,0,–,–,0,0,–,0,0,0,0,精霊,0,–,0,0,1,0,1,1,24,24
292,MON_M021_A04a,岩石投げ［1］,岩石,投げ,岩石投げ［1］,–,M021_A04a,モンスター技,1,0,モンスター,–,打,–,敵,単体,44,1,5,0,83,-2,5,3,2,26,0,技,体,–,すばやさ,–,–,–,-8,0,0,0,–,–,0,0,対空,0,0,0,0,虫,1,–,0,0,1,1,1,0,24,24
293,MON_M021_A05a,ヤシの実爆弾［1］,ヤシ,爆弾,ヤシの実爆弾［1］,–,M021_A05a,モンスター技,1,0,モンスター,–,打,–,敵,単体,55,1,6,0,80,1,18,8,0,29,0,知,集,–,–,–,–,–,0,0,0,0,–,–,0,0,対空,0,0,0,0,–,1,–,0,0,1,0,1,1,25,25
294,MON_M022_A02a,目つぶし花粉［1］,目つぶし,花粉,目つぶし花粉［1］,–,M022_A02a,モンスター技,1,1,モンスター,–,打,–,敵,全体,15,1,3,0,95,2,0,0,0,15,0,技,集,–,暗闇,–,–,–,50,0,0,0,–,–,0,0,対空,0,0,0,0,–,0,–,0,0,1,1,1,1,22,22
295,MON_M022_A03a,スターフィクサー［1］,スター,フィクサー,スターフィクサー［1］,–,M022_A03a,モンスター技,1,1,モンスター,–,熱,–,敵,単体,35,1,4,0,95,-1,4,3,0,24,0,知,集,–,マヒ,メカマヒ,–,–,50,25,0,0,–,–,0,0,–,0,0,0,0,魔族,1,–,0,0,1,0,1,0,23,23
296,MON_M023_A01a,小突く［1］,小,突く,小突く［1］,–,M023_A01a,モンスター技,1,1,モンスター,–,突,–,敵,単体,22,1,1,0,95,-1,0,0,0,20,0,筋,体,–,挑発,–,–,–,100,0,0,0,–,–,0,0,–,0,0,0,0,–,0,–,0,0,1,0,1,0,20,20
297,MON_M023_A03a,花粉［1］,花,粉,花粉［1］,–,M023_A03a,モンスター技,1,0,モンスター,–,打,–,敵,全体,19,1,4,0,100,2,12,6,0,19,0,技,集,–,混乱,–,–,–,25,0,0,0,–,–,0,0,–,0,0,0,0,–,0,–,0,0,1,1,1,0,23,23
298,MON_M030_A01a,かみつき［1］,かみ,つき,かみつき［1］,–,M030_A01a,モンスター技,1,0,モンスター,–,突,–,敵,単体,23,1,1,0,95,2,0,0,0,21,0,筋,体,–,–,–,–,–,0,0,0,0,–,–,0,0,–,0,0,0,0,–,0,–,0,0,1,0,1,0,20,20
299,MON_M030_A04a,かみ砕き［1］,かみ,砕き,かみ砕き［1］,–,M030_A04a,モンスター技,1,1,モンスター,–,突,–,敵,単体,33,1,3,0,94,0,0,0,1,23,0,筋,体,–,–,–,–,–,0,0,0,0,–,–,0,0,–,0,0,0,0,物質,0,–,0,0,1,0,1,0,22,22
300,MON_M030_A02a,毒牙［1］,毒,牙,毒牙［1］,–,M030_A02a,モンスター技,1,1,モンスター,–,突,–,敵,単体,15,1,3,0,90,2,3,3,0,15,0,筋,体,–,毒,–,–,–,75,0,0,0,–,–,0,0,–,0,0,0,0,–,0,–,0,0,1,0,1,0,22,22
301,MON_M031_A01a,強襲牙［1］,強襲,牙,強襲牙［1］,–,M031_A01a,モンスター技,1,1,モンスター,–,突,–,敵,単体,25,1,2,0,94,1,0,0,1,21,0,筋,体,–,スタン,–,–,–,50,0,0,0,–,–,0,0,–,0,0,0,0,–,0,–,0,0,1,0,1,1,21,21
302,MON_M031_A01a_A,魁強襲牙［1］,魁,強襲牙,魁強襲牙［1］,–,M031_A01a,モンスター技,1,0,モンスター,–,突,–,敵,単体,32,1,3,0,94,6,0,0,1,23,0,筋,体,–,スタン,–,–,–,50,0,0,0,–,–,0,0,–,0,0,0,0,–,0,–,0,0,1,0,1,1,22,22
303,MON_M031_A04a,ダガージョウ［1］,ダガ,ジョウ,ダガージョウ［1］,–,M031_A04a,モンスター技,1,0,モンスター,–,突,–,敵,単体,34,1,3,0,95,-1,3,3,0,24,0,運,体,–,–,–,–,–,0,0,0,0,–,–,0,0,–,0,0,0,0,爬虫類,0,チェイス,100,0,1,0,0,0,22,22
304,MON_M031_B01a,青の舞［1］,青の,舞,青の舞［1］,–,M031_B01a,モンスター技,1,0,モンスター,–,–,–,敵,全体,0,1,2,0,100,-2,0,0,0,0,0,–,–,–,術力,詠唱延長,–,–,-10,50,0,0,–,–,0,0,対地,0,0,0,0,–,0,–,0,0,0,0,0,0,21,21
305,MON_M032_A01a,フリーズバリア［1］,フリーズ,バリア,フリーズバリア［1］,–,M032_A01a,モンスター技,1,0,モンスター,–,冷,–,敵,単体,60,1,3,0,95,-2,0,0,0,30,0,技,体,–,ガード不可,–,–,–,100,0,0,0,–,–,0,0,–,1,0,0,0,–,0,カウンター,80,0,1,0,1,0,22,5
306,MON_M032_A01a_A,フリーズスピア［1］,フリーズ,スピア,フリーズスピア［1］,–,M032_A01a,モンスター技,1,0,モンスター,–,冷,–,敵,単体,35,1,3,0,95,0,0,0,0,24,0,筋,体,–,–,–,–,–,0,0,0,0,–,–,0,0,–,0,0,0,0,–,0,–,0,0,1,0,1,0,22,22
307,MON_M032_A02a,突きあげる［1］,突き,あげる,突きあげる［1］,–,M032_A02a,モンスター技,1,0,モンスター,–,突,–,敵,単体,45,1,5,0,95,-1,5,3,0,26,0,筋,体,–,メカスタン,–,–,–,50,0,0,0,–,–,0,0,–,0,0,0,0,–,0,–,0,0,1,1,1,0,24,24
308,MON_M032_B01a,どつきまわす［1］,どつき,まわす,どつきまわす［1］,–,M032_B01a,モンスター技,1,0,モンスター,–,突,–,敵,単体,46,1,6,0,94,0,18,8,1,26,0,筋,体,–,術力,–,–,–,-30,0,0,0,–,–,0,0,–,0,0,0,0,有翼,0,–,0,0,1,1,1,1,25,25
309,MON_M032_B02a,ぶちかまし［1］,ぶち,かまし,ぶちかまし［1］,–,M032_B02a,モンスター技,1,0,モンスター,–,打,–,敵,単体,90,1,7,0,93,-2,21,9,2,38,0,技,体,–,スタン,ガード不可,–,–,75,100,0,0,–,–,0,0,–,0,0,0,0,–,0,打インタラプト,100,0,1,0,1,0,26,9
310,MON_M040_A01a,ハンマーボール［1］,ハンマー,ボール,ハンマーボール［1］,–,M040_A01a,モンスター技,1,0,モンスター,–,打,–,敵,単体,21,1,1,0,95,3,0,0,0,20,0,筋,体,–,スタン,–,–,–,25,0,0,0,–,–,0,0,–,0,0,0,0,–,0,–,0,0,1,0,1,0,20,20
311,MON_M040_A03a,カウンターキック［1］,カウンター,キック,カウンターキック［1］,–,M040_A03a,モンスター技,1,0,モンスター,–,打,–,敵,単体,68,1,4,0,95,0,4,3,0,32,0,技,体,–,ガード不可,–,–,–,100,0,0,0,–,–,0,0,–,1,0,0,0,精霊,0,カウンター,82,0,1,0,1,0,23,6
312,MON_M040_A04a,カエルコンボ［1］,カエル,コンボ,カエルコンボ［1］,–,M040_A04a,モンスター技,1,1,モンスター,–,打,–,敵,単体,31,1,3,0,94,1,0,0,1,23,0,筋,体,–,スタン,–,–,–,50,0,0,0,–,–,0,0,–,0,0,0,0,–,0,–,0,0,1,1,1,1,22,22
313,MON_M040_B02a,サイクロンスクィーズ［1］,サイクロン,スクィーズ,サイクロンスクィーズ［1］,–,M040_B02a,モンスター技,1,0,モンスター,–,冷,–,敵,単体,48,1,6,0,95,0,18,8,0,27,0,知,体,–,スタン,–,–,–,50,0,0,0,–,–,0,0,–,0,0,0,0,–,1,–,0,0,1,2,1,2,25,25
314,MON_M041_A02a,触手［1］,触,手,触手［1］,–,M041_A02a,モンスター技,1,0,モンスター,–,打,–,敵,単体,40,1,4,0,95,0,0,0,0,25,0,筋,体,–,–,–,–,–,0,0,0,0,–,–,0,0,–,0,0,0,0,–,0,–,0,0,1,1,1,1,23,23
315,MON_M041_B01a,墨［1］,墨,墨,墨［1］,–,M041_B01a,モンスター技,1,0,モンスター,–,突,冷,敵,乱撃,43,3,4,0,95,2,4,3,0,9,0,知,体,–,暗闇,–,–,–,50,0,0,0,–,–,0,0,対空,0,0,0,0,獣,1,–,0,0,1,0,1,1,23,23
316,MON_M041_B01a_A,墨臭い［1］,墨,臭い,墨臭い［1］,–,M041_B01a,モンスター技,1,0,モンスター,–,突,冷,敵,乱撃,28,3,3,0,95,1,3,3,0,7,0,知,体,–,暗闇,悪臭,–,–,75,75,0,0,–,–,0,0,対空,0,0,0,0,獣,1,–,0,0,1,0,1,1,22,22
317,MON_M041_B03a,タイガーランページ［1］,タイ,ページ,タイガーランページ［1］,–,M041_B03a,モンスター技,1,0,モンスター,–,打,熱,敵,乱撃,63,6,6,0,95,-3,18,8,0,5,0,筋,体,–,–,–,–,–,0,0,0,0,–,–,0,0,–,0,0,0,0,–,0,–,0,0,1,2,1,1,25,25
318,MON_M042_A02a,ついばみ［1］,つい,ばみ,ついばみ［1］,–,M042_A02a,モンスター技,1,0,モンスター,–,突,–,敵,単体,35,1,3,0,94,1,3,3,1,24,0,筋,体,–,–,–,–,–,0,0,0,0,–,–,0,0,–,0,0,0,0,–,0,–,0,0,1,0,1,0,22,22
319,MON_M042_A03a,スポットブレス［1］,スポット,ブレス,スポットブレス［1］,–,M042_A03a,モンスター技,1,0,モンスター,–,冷,–,敵,単体,45,1,5,0,95,3,15,7,0,26,0,知,集,–,–,–,–,–,0,0,0,0,–,–,0,0,–,0,0,0,0,獣,1,–,0,0,1,0,1,1,24,24
320,MON_M042_A01a,スメルブレス［1］,スメル,ブレス,スメルブレス［1］,–,M042_A01a,モンスター技,1,0,モンスター,–,無,–,敵,単体,31,1,4,0,95,2,4,3,0,23,0,知,体,–,悪臭,–,–,–,50,0,0,0,–,–,0,0,–,0,0,0,0,–,0,–,0,0,1,0,1,1,23,23
321,MON_M042_A04a,ペインフルバイト［1］,ペイ,バイト,ペインフルバイト［1］,–,M042_A04a,モンスター技,1,0,モンスター,–,突,–,敵,単体,44,1,5,0,95,2,15,7,0,26,0,技,体,–,スタン,–,–,–,50,0,0,0,–,–,0,0,–,0,0,0,0,爬虫類,0,–,0,0,1,0,1,0,24,24
322,MON_M050_A06a,粘液［1］,粘,液,粘液［1］,–,M050_A06a,モンスター技,1,1,モンスター,–,無,–,敵,単体,25,1,3,0,95,1,0,0,0,21,0,知,集,–,悪臭,–,–,–,50,0,0,0,–,–,0,0,–,0,0,0,0,–,1,–,0,0,1,0,1,0,22,22
323,MON_M050_B02a,スコール［1］,スコ,ール,スコール［1］,–,M050_B02a,モンスター技,1,1,モンスター,–,冷,–,敵,全体,28,1,6,0,95,-1,18,8,0,22,0,知,集,–,–,–,–,–,0,0,0,0,–,–,0,0,–,1,0,0,0,元素霊,0,–,0,0,1,1,1,1,25,25
324,MON_M051_A01a,溶かす［1］,溶,かす,溶かす［1］,–,M051_A01a,モンスター技,1,0,モンスター,–,無,–,敵,単体,26,1,3,0,95,-2,0,0,0,22,0,知,集,–,防御力,–,–,–,-10,0,0,0,–,–,0,0,–,0,0,0,0,–,0,–,0,0,1,0,1,0,22,22
325,MON_M051_B01a,マヒパンチ［1］,マヒ,パンチ,マヒパンチ［1］,–,M051_B01a,モンスター技,1,0,モンスター,–,打,–,敵,単体,44,1,5,0,95,-1,0,0,0,26,0,筋,体,–,マヒ,メカマヒ,–,–,50,25,0,0,–,–,0,0,–,0,0,0,0,–,0,–,0,0,1,0,1,0,24,24
326,MON_M051_B02a,不意打ち［1］,不意,打ち,不意打ち［1］,–,M051_B02a,モンスター技,1,0,モンスター,–,斬,–,敵,単体,49,1,6,0,94,-2,6,4,1,27,0,運,体,–,即死,–,–,–,50,0,0,0,–,–,0,0,–,0,0,0,0,–,0,チェイス,100,0,1,0,0,0,25,25
327,MON_M052_A01a,体当たり［1］,体,当たり,体当たり［1］,–,M052_A01a,モンスター技,1,0,モンスター,–,打,–,敵,単体,33,1,3,0,94,-1,0,0,1,23,0,体,体,–,–,–,–,–,0,0,0,0,–,–,0,0,–,0,0,0,0,–,0,–,0,0,1,1,1,1,22,22
328,MON_M052_B02a,七支刀［1］,七,七支刀,七支刀［1］,–,M052_B02a,モンスター技,1,0,モンスター,–,斬,–,敵,乱撃,70,7,7,0,95,2,0,0,0,5,0,筋,体,–,–,–,–,–,0,0,0,0,–,–,0,0,–,0,0,0,0,–,0,–,0,0,1,3,1,3,26,26
329,MON_M070_A01a,転がる［1］,転,転がる,転がる［1］,–,M070_A01a,モンスター技,1,0,モンスター,–,打,–,敵,単体,24,1,1,0,95,2,0,0,0,21,0,体,体,–,–,–,–,–,0,0,0,0,–,–,0,0,対地,0,0,0,0,–,0,–,0,0,1,0,1,1,20,20
330,MON_M070_A02a,針［1］,針,針,針［1］,–,M070_A02a,モンスター技,1,0,モンスター,–,突,–,敵,単体,31,1,3,0,95,1,0,0,0,23,0,筋,体,–,スタン,–,–,–,50,0,0,0,–,–,0,0,–,0,0,0,0,有翼,0,–,0,0,1,0,1,0,22,22
331,MON_M070_A03a,ゴロゴロアタック［1］,ゴロゴロ,アタック,ゴロゴロアタック［1］,–,M070_A03a,モンスター技,1,1,モンスター,–,打,–,敵,単体,45,1,5,0,94,0,0,0,1,26,0,体,体,–,メカスタン,–,–,–,50,0,0,0,–,–,0,0,対地,0,0,0,0,精霊,0,–,0,0,1,1,1,1,24,24
332,MON_M070_A04a,ハイドアタック［1］,ハイ,アタック,ハイドアタック［1］,–,M070_A04a,モンスター技,1,0,モンスター,–,打,–,敵,単体,41,1,4,0,94,-1,4,3,1,25,0,運,体,–,–,–,–,–,0,0,0,0,–,–,0,0,–,0,0,0,0,精霊,0,チェイス,100,0,1,0,0,0,23,23
333,MON_M071_A02a,スラッシュ［1］,スラ,ッシュ,スラッシュ［1］,–,M071_A02a,モンスター技,1,0,モンスター,–,斬,–,敵,単体,34,1,3,0,95,1,0,0,0,24,0,筋,体,–,–,–,–,–,0,0,0,0,–,–,0,0,–,0,0,0,0,–,0,–,0,0,1,1,1,0,22,22
334,MON_M071_A03a,レッグブレイカー［1］,レッグ,ブレイカー,レッグブレイカー［1］,–,M071_A03a,モンスター技,1,0,モンスター,–,突,–,敵,単体,37,1,4,0,95,1,0,0,0,24,0,筋,体,–,すばやさ,–,–,–,-8,0,0,0,–,–,0,0,–,0,0,0,0,–,0,–,0,0,1,0,1,2,23,23
335,MON_M071_B01a,滅多刺し［1］,滅多,刺し,滅多刺し［1］,–,M071_B01a,モンスター技,1,0,モンスター,–,突,–,敵,全体,22,1,5,0,95,-1,15,7,0,20,0,筋,体,–,攻撃力,–,–,–,-10,0,0,0,–,–,0,0,–,0,0,0,0,–,0,–,0,0,1,2,1,2,24,24
336,MON_M072_A01a,音速剣［1］,音速,剣,音速剣［1］,–,M072_A01a,モンスター技,1,0,モンスター,–,斬,–,敵,単体,28,1,2,0,95,5,0,0,0,22,0,技,体,–,–,–,–,–,0,0,0,0,–,–,0,0,対空,0,0,0,0,–,1,–,0,0,1,0,1,0,21,21
337,MON_M072_B03a,地獄爪殺法［1］,地獄爪,殺法,地獄爪殺法［1］,–,M072_B03a,モンスター技,1,0,モンスター,–,斬,–,敵,単体,57,1,4,0,95,-1,4,3,0,29,0,技,体,–,毒,ガード不可,–,–,75,100,0,0,–,–,0,0,–,0,0,0,0,–,0,斬インタラプト,100,0,1,0,1,0,23,6
338,MON_M072_B03a_A,地獄爪［1］,地獄,爪,地獄爪［1］,–,M072_B03a,モンスター技,1,0,モンスター,–,斬,–,敵,単体,22,1,3,0,95,1,0,0,0,20,0,技,体,–,毒,–,–,–,50,0,0,0,–,–,0,0,–,0,0,0,0,–,0,–,0,0,1,1,1,0,22,22
339,MON_M072_B01a,死神のカマ［1］,死神の,カマ,死神のカマ［1］,–,M072_B01a,モンスター技,1,0,モンスター,–,斬,–,敵,単体,42,1,5,0,95,-2,15,7,0,26,0,筋,体,–,即死,–,–,–,50,0,0,0,–,–,0,0,–,0,0,0,0,–,0,–,0,0,1,0,1,0,24,24
340,MON_M080_A01a,カギ爪［1］,カギ,爪,カギ爪［1］,–,M080_A01a,モンスター技,1,0,モンスター,–,斬,–,敵,単体,21,1,1,0,95,-2,0,0,0,20,0,筋,体,–,–,–,–,–,0,0,0,0,–,–,0,0,対空,0,0,0,0,–,0,–,0,0,1,1,1,0,20,20
341,MON_M080_A05a,目つぶし［1］,目,つぶし,目つぶし［1］,–,M080_A05a,モンスター技,1,0,モンスター,–,突,–,敵,単体,32,1,3,0,95,2,0,0,0,23,0,筋,体,–,暗闇,–,–,–,50,0,0,0,–,–,0,0,対空,0,0,0,0,–,0,–,0,0,1,0,1,0,22,22
342,MON_M080_A04a,急降下［1］,急,降下,急降下［1］,–,M080_A04a,モンスター技,1,0,モンスター,–,突,–,敵,単体,38,1,4,0,84,3,4,3,1,24,0,体,体,–,スタン,–,–,–,50,0,0,0,–,–,0,0,対空,0,0,0,0,爬虫類,0,–,0,0,1,0,1,1,23,23
343,MON_M080_A03a,フェザーショット［1］,フェザー,ショット,フェザーショット［1］,–,M080_A03a,モンスター技,1,1,モンスター,–,突,–,敵,単体,45,1,5,0,95,1,5,3,0,26,0,知,体,–,–,–,–,–,0,0,0,0,–,–,0,0,対空,0,0,0,0,–,1,–,0,0,1,1,1,1,24,24
344,MON_M081_A01a,顔面タックル［1］,顔面,タックル,顔面タックル［1］,–,M081_A01a,モンスター技,1,0,モンスター,–,打,–,敵,単体,19,1,1,0,94,1,0,0,1,19,0,体,体,–,メカスタン,–,–,–,25,0,0,0,–,–,0,0,対空,0,0,0,0,–,0,–,0,0,1,1,1,0,20,20
345,MON_M081_A01a_A,クタバレ、アホヅラ！［1］,クタバレ、,アホヅラ！,クタバレ、アホヅラ！［1］,–,M081_A01a,モンスター技,1,0,モンスター,–,打,–,敵,単体,19,1,1,0,94,2,0,0,1,19,0,体,体,–,メカスタン,–,–,–,25,0,0,0,–,–,0,0,対空,0,0,0,0,–,0,–,0,0,1,1,1,0,20,20
346,MON_M081_A05a,ビッグマウス［1］,ビッグ,マウス,ビッグマウス［1］,–,M081_A05a,モンスター技,1,0,モンスター,–,突,–,敵,単体,23,1,2,0,95,-1,0,0,0,21,0,筋,体,–,悪臭,–,–,–,50,0,0,0,–,–,0,0,対空,0,0,0,0,–,0,–,0,0,1,0,1,1,21,21
347,MON_M081_A05a_A,ジゴクヘ、イキナァ！［1］,ジゴクヘ、,イキナァ！,ジゴクヘ、イキナァ！［1］,–,M081_A05a,モンスター技,1,0,モンスター,–,突,–,敵,単体,16,1,1,0,95,1,0,0,0,16,0,筋,体,–,悪臭,–,–,–,100,0,0,0,–,–,0,0,対空,0,0,0,0,–,0,–,0,0,1,0,1,1,20,20
348,MON_M081_A03a,超音波［1］,超,音波,超音波［1］,–,M081_A03a,モンスター技,1,0,モンスター,–,無,–,敵,単体,33,1,4,0,100,0,4,3,0,23,0,知,集,–,–,–,–,–,0,0,0,0,–,–,0,0,対空,0,0,0,0,–,1,–,0,0,1,0,1,0,23,23
349,MON_M081_A03a_A,ホンキヲミセテヤロウ！［1］,ホンキヲ,ヤロウ！,ホンキヲミセテヤロウ！［1］,–,M081_A03a,モンスター技,1,0,モンスター,–,無,–,敵,単体,27,1,3,0,100,-1,3,3,0,22,0,知,集,–,–,–,–,–,0,0,0,0,–,–,0,0,対空,0,0,0,0,–,1,–,0,0,1,0,1,0,22,22
350,MON_M082_A03a,インタラプトタックル［1］,インタ,タックル,インタラプトタックル［1］,–,M082_A03a,モンスター技,1,0,モンスター,–,打,–,敵,単体,42,1,2,0,95,-2,0,0,0,26,0,技,体,–,ガード不可,–,–,–,100,0,0,0,–,–,0,0,対空,0,0,0,0,–,0,斬インタラプト,100,0,1,0,1,0,21,4
351,MON_M082_A02a,つつく［1］,つつ,つつく,つつく［1］,–,M082_A02a,モンスター技,1,1,モンスター,–,突,–,敵,単体,22,1,1,0,95,3,0,0,0,20,0,筋,体,–,–,–,–,–,0,0,0,0,–,–,0,0,対空,0,0,0,0,–,0,–,0,0,1,0,1,0,20,20
352,MON_M090_A04a,ブラスター［1］,ブラ,スター,ブラスター［1］,–,M090_A04a,モンスター技,1,0,モンスター,–,雷,–,敵,単体,33,1,3,0,95,0,0,0,0,23,0,知,集,–,–,–,–,–,0,0,0,0,–,–,0,0,対空,0,0,0,0,–,1,–,0,0,1,0,1,1,22,22
353,MON_M090_A01a,精霊の法力［1］,精霊の,法力,精霊の法力［1］,–,M090_A01a,モンスター技,1,0,モンスター,–,–,–,味方,単体,0,1,3,0,100,0,0,0,0,0,0,–,–,–,詠唱短縮,–,–,–,100,0,0,0,–,–,0,0,対空,0,0,0,0,–,0,–,0,0,0,0,0,0,22,22
354,MON_M090_A02a,精霊の支持［1］,精霊の,支持,精霊の支持［1］,–,M090_A02a,モンスター技,1,0,モンスター,–,–,–,味方,単体,0,1,3,0,100,2,0,0,0,0,0,–,–,–,術力,–,–,–,20,0,0,0,–,–,0,0,対空,0,0,0,0,–,0,–,0,0,0,0,0,0,22,22
355,MON_M100_A01a,突く［1］,突,突く,突く［1］,–,M100_A01a,モンスター技,1,1,モンスター,–,突,–,敵,単体,34,1,3,0,95,-1,0,0,0,24,0,筋,体,–,–,–,–,–,0,0,0,0,–,–,0,0,–,0,0,0,0,–,0,–,0,0,1,0,1,1,22,22
356,MON_M100_B01a,エアリアルスラッシュ［1］,エア,スラッシュ,エアリアルスラッシュ［1］,–,M100_B01a,モンスター技,1,0,モンスター,–,斬,–,敵,全体,34,1,4,0,95,-1,0,0,0,24,0,技,体,–,ガード不可,–,–,–,100,0,0,0,–,–,0,0,対空,0,0,0,0,–,0,突インタラプト,100,0,1,0,1,0,23,6
357,MON_M100_B01a_A,クロススラッシュ［1］,クロス,スラッシュ,クロススラッシュ［1］,–,M100_B01a,モンスター技,1,0,モンスター,–,斬,–,敵,全体,14,1,2,0,95,-1,0,0,0,14,0,筋,体,–,–,–,–,–,0,0,0,0,–,–,0,0,対空,0,0,0,0,–,0,–,0,0,1,1,1,1,21,21
358,MON_M100_B02a,デモンズスクラッチ［1］,デモ,スクラッチ,デモンズスクラッチ［1］,–,M100_B02a,モンスター技,1,1,モンスター,–,斬,–,敵,単体,47,1,6,0,94,-3,6,4,1,27,0,筋,体,–,即死,–,–,–,50,0,0,0,–,–,0,0,–,0,0,0,0,–,0,–,0,0,1,1,1,0,25,25
359,MON_M101_A01a,ひっかく［1］,ひっ,かく,ひっかく［1］,–,M101_A01a,モンスター技,1,0,モンスター,–,斬,–,敵,単体,27,1,2,0,95,1,0,0,0,22,0,筋,体,–,–,–,–,–,0,0,0,0,–,–,0,0,–,0,0,0,0,–,0,–,0,0,1,2,1,0,24,21
360,MON_M101_A04a,ヒールスラッシュ［1］,ヒー,スラッシュ,ヒールスラッシュ［1］,–,M101_A04a,モンスター技,1,0,モンスター,–,斬,–,敵,単体,39,1,4,0,94,2,0,0,1,25,0,筋,体,–,–,–,–,–,0,0,0,0,–,–,0,0,–,0,0,0,0,–,0,–,0,0,1,0,1,2,26,23
361,MON_M101_A02a,フェザースラッシュ［1］,フェザー,スラッシュ,フェザースラッシュ［1］,–,M101_A02a,モンスター技,1,0,モンスター,–,斬,–,敵,単体,62,1,4,0,94,-2,4,3,1,30,0,技,体,–,ガード不可,–,–,–,100,0,0,0,–,–,0,0,対空,0,0,0,0,–,0,打インタラプト,100,0,1,0,1,0,26,6
362,MON_M101_B01a,フェザーダンス［1］,フェザー,ダンス,フェザーダンス［1］,–,M101_B01a,モンスター技,1,0,モンスター,–,打,–,敵,単体,70,1,4,0,93,0,0,0,2,32,0,運,体,–,ガード不可,–,–,–,100,0,0,0,–,–,0,0,対空,1,0,0,0,–,0,カウンター,82,0,1,0,1,0,26,6
363,MON_M102_A03a,切り落とし［1］,切り,落とし,切り落とし［1］,–,M102_A03a,モンスター技,1,0,モンスター,–,斬,打,敵,単体,19,1,1,0,95,0,0,0,0,19,0,筋,体,–,スタン,–,–,–,50,0,0,0,–,–,0,0,–,0,0,0,0,–,0,–,0,0,1,0,1,0,20,20
364,MON_M102_A08a,アッパースラッシュ［1］,アッパー,スラッシュ,アッパースラッシュ［1］,–,M102_A08a,モンスター技,1,0,モンスター,–,斬,–,敵,単体,32,1,3,0,94,-3,0,0,1,23,0,筋,体,–,メカスタン,–,–,–,25,0,0,0,–,–,0,0,–,0,0,0,0,–,0,–,0,0,1,1,1,0,22,22
365,MON_M102_A04a,マヒ凝視［1］,マヒ,凝視,マヒ凝視［1］,–,M102_A04a,モンスター技,1,0,モンスター,–,–,–,敵,単体,0,1,3,0,100,0,3,3,0,0,0,–,–,–,マヒ,–,–,–,50,0,0,0,–,–,0,0,対空,0,0,0,0,–,0,–,0,0,0,0,0,0,22,22
366,MON_M102_A06a,死の凝視［1］,死の,凝視,死の凝視［1］,–,M102_A06a,モンスター技,1,1,モンスター,–,–,–,敵,単体,0,1,4,0,100,-1,4,3,0,0,0,–,–,–,即死,–,–,–,50,0,0,0,–,–,0,0,対空,0,0,0,0,–,0,–,0,0,0,0,0,0,23,23
367,MON_M102_A01a,混乱凝視［1］,混乱,凝視,混乱凝視［1］,–,M102_A01a,モンスター技,1,0,モンスター,–,–,–,敵,単体,0,1,2,0,100,1,2,2,0,0,0,–,–,–,混乱,–,–,–,50,0,0,0,–,–,0,0,対空,0,0,0,0,–,0,–,0,0,0,0,0,0,21,21
368,MON_M102_A07a,ソードスロウ［1］,ソード,スロウ,ソードスロウ［1］,–,M102_A07a,モンスター技,1,0,モンスター,–,斬,–,敵,単体,32,1,3,0,95,0,0,0,0,23,0,技,体,–,–,–,–,–,0,0,0,0,–,–,0,0,対空,0,0,0,0,植物,1,–,0,0,1,0,1,0,22,22
369,MCH_M901_A01a,のこぎり,のこ,ぎり,のこぎり,–,M901_A01a,メカ技,1,1,近接メカ,–,斬,–,敵,単体,30,1,3,0,95,0,0,0,0,22,0,筋,体,–,即死,–,–,–,25,0,0,0,–,–,0,0,–,0,0,0,0,–,0,–,0,0,1,1,1,0,21,12
370,MCH_M90X_A01a,ブレード,ブレ,ード,ブレード,–,M90X_A01a,メカ技,1,1,近接メカ,–,斬,–,敵,単体,24,1,1,0,95,1,0,0,0,21,0,筋,体,–,–,–,–,–,0,0,0,0,–,–,0,0,–,0,0,0,0,–,0,–,0,0,1,0,1,0,19,10
371,MCH_M90X_A01a_A,クイックブレード,クイ,ブレード,クイックブレード,–,M90X_A01a,メカ技,1,1,近接メカ,–,斬,–,敵,単体,29,1,2,0,95,2,0,0,0,22,0,筋,体,–,–,–,–,–,0,0,0,0,–,–,0,0,–,0,0,0,0,–,0,–,0,0,1,0,1,1,20,11
372,MCH_M90X_A01a_B,なまくらブレード,なま,ブレード,なまくらブレード,–,M90X_A01a,メカ技,1,0,近接メカ,–,斬,–,敵,単体,9,1,1,0,95,0,0,0,0,9,0,筋,体,–,スタン,–,–,–,50,0,0,0,–,–,0,0,–,0,1,0,0,–,0,–,0,0,1,0,0,0,19,10
373,MCH_M90X_A02a,多段斬り,多段,斬り,多段斬り,–,M90X_A02a,メカ技,1,1,近接メカ,–,斬,–,敵,単体,29,1,2,0,95,0,0,0,0,22,0,筋,体,–,–,–,–,–,0,0,0,0,–,–,0,0,–,0,0,0,0,–,0,–,0,0,1,0,1,1,20,11
374,MCH_M90X_A02a_A,回転斬り,回転,斬り,回転斬り,–,M90X_A02a,メカ技,1,1,近接メカ,–,斬,–,敵,単体,29,1,2,0,95,-1,0,0,0,22,0,筋,体,–,–,–,–,–,0,0,0,0,–,–,0,0,–,0,0,0,0,–,0,–,0,0,1,1,1,0,20,11
375,MCH_M90X_A03a,急速前進,急速,前進,急速前進,–,M90X_A03a,メカ技,1,1,近接メカ,–,打,–,敵,単体,45,1,2,0,95,4,0,0,0,26,0,技,体,–,ガード不可,–,–,–,100,0,0,0,–,–,0,0,–,0,0,0,0,–,0,打インタラプト,100,0,1,0,1,0,20,4
376,MCH_M90X_A03a_A,急速追尾,急速,追尾,急速追尾,–,M90X_A03a,メカ技,1,1,近接メカ,–,打,–,敵,単体,31,1,2,0,95,3,0,0,0,23,0,運,体,–,–,–,–,–,0,0,0,0,–,–,0,0,–,0,0,0,0,–,0,チェイス,100,0,1,0,0,0,20,11
377,MCH_M90X_A03a_B,ドンヒット,ドン,ヒット,ドンヒット,–,M90X_A03a,メカ技,1,0,近接メカ,–,打,–,敵,単体,24,1,1,0,35,-2,0,0,0,21,0,筋,体,–,–,–,–,–,0,0,0,0,–,–,0,0,–,0,0,0,0,–,0,–,0,0,1,1,1,0,19,10
378,MCH_M90X_A04a,自爆,自,自爆,自爆,–,M90X_A04a,メカ技,1,1,近接メカ,–,熱,–,敵,単体,0,1,3,0,100,-4,0,0,0,0,0,運,体,–,即死,リザーブ不可,–,–,100,0,0,0,即死,–,100,0,–,0,0,0,0,–,0,チェイス,100,1,0,0,0,0,21,12
379,MCH_M90X_A04a_B,ときどき自爆,ときどき,自爆,ときどき自爆,–,M90X_A04a,メカ技,1,0,近接メカ,–,熱,–,敵,単体,0,1,1,0,100,-4,0,0,0,0,0,運,体,–,即死,リザーブ不可,–,–,25,0,0,0,即死,–,100,0,–,0,0,0,0,–,0,チェイス,100,1,0,0,0,0,19,10
380,MCH_M90X_A05a,びっくりソード,びっくり,ソード,びっくりソード,–,M90X_A05a,メカ技,1,1,近接メカ,–,斬,–,敵,単体,32,1,3,0,94,2,3,3,1,23,0,筋,体,–,スタン,メカスタン,–,–,25,50,0,0,–,–,0,0,対空,0,0,0,0,–,0,–,0,0,1,0,1,2,21,12
381,MCH_M90X_A05a_A,アメイジングソード,アメ,ソード,アメイジングソード,–,M90X_A05a,メカ技,1,1,近接メカ,–,斬,–,敵,単体,50,1,3,0,95,0,3,3,0,28,0,技,体,–,スタン,メカスタン,ガード不可,–,50,50,100,0,–,–,0,0,対空,0,0,0,0,–,0,突インタラプト,100,0,1,0,1,0,21,5
382,MCH_M90X_A06a,ガーディアンプログラム［1］,ガー,プログラム,ガーディアンプログラム［1］,–,M90X_A01a,メカ技,1,0,近接メカ,–,–,–,味方,他者,60,1,3,0,0,0,0,0,0,0,0,–,–,–,–,–,–,–,0,0,0,0,–,–,0,0,–,0,0,0,0,–,0,プロテクト,100,1,0,0,0,0,21,12
383,MCH_M90X_B01a,どっきりナイツ,どっきり,ナイツ,どっきりナイツ,–,M90X_B01a,メカ技,1,1,近接メカ,–,斬,–,敵,全体,35,1,4,0,95,1,0,0,0,24,0,知,体,–,ガード不可,–,–,–,100,0,0,0,–,–,0,0,対空,0,0,0,0,–,0,斬インタラプト,100,0,1,0,1,0,22,6
384,MCH_M90X_B01a_A,突撃ナイツ,突撃,ナイツ,突撃ナイツ,–,M90X_B01a,メカ技,1,1,近接メカ,–,斬,–,敵,全体,18,1,3,0,95,1,0,0,0,18,0,知,体,–,–,–,–,–,0,0,0,0,–,–,0,0,対空,0,0,0,0,–,0,–,0,0,1,1,1,1,21,12
385,MCH_M90X_B02a,電磁ハンマー,電磁,ハンマー,電磁ハンマー,–,M90X_B02a,メカ技,1,1,近接メカ,–,打,雷,敵,単体,38,1,4,0,95,3,0,0,0,24,0,筋,体,–,マヒ,メカマヒ,–,–,25,50,0,0,–,–,0,0,–,0,0,0,0,–,0,–,0,0,1,0,1,1,22,13
386,MCH_M90X_B02a_A,電磁スマッシュ,電磁,スマッシュ,電磁スマッシュ,–,M90X_B02a,メカ技,1,1,近接メカ,–,打,雷,敵,単体,45,1,5,0,94,-2,0,0,1,26,0,筋,体,–,マヒ,メカマヒ,–,–,50,50,0,0,–,–,0,0,–,0,0,0,0,–,0,–,0,0,1,1,1,0,23,14
387,MCH_M90X_B03a,ライトソード,ライト,ソード,ライトソード,–,M90X_B03a,メカ技,1,1,近接メカ,–,斬,–,敵,単体,46,1,5,0,95,2,5,3,0,26,0,筋,体,–,暗闇,–,–,–,50,0,0,0,–,–,0,0,対空,0,0,0,0,–,1,–,0,0,1,1,1,1,23,14
388,MCH_M90X_B03a_A,フラッシュソード,フラッシュ,ソード,フラッシュソード,–,M90X_B03a,メカ技,1,0,近接メカ,–,斬,–,敵,単体,37,1,4,0,95,3,4,3,0,24,0,筋,体,–,暗闇,–,–,–,100,0,0,0,–,–,0,0,対空,0,0,0,0,–,1,–,0,0,1,1,1,1,22,13
389,MCH_M90X_B04a,神威クラッシュ,神威,クラッシュ,神威クラッシュ,–,M90X_B04a,メカ技,1,1,近接メカ,–,打,–,敵,単体,47,1,5,0,95,2,0,0,0,27,0,運,体,–,スタン,メカスタン,–,–,50,75,0,0,–,–,0,0,–,0,0,0,0,–,0,–,0,0,1,0,1,2,23,14
390,MCH_M90X_B05a,ムーンスクレイパー,ムーン,パー,ムーンスクレイパー,–,M90X_B05a,メカ技,1,1,近接メカ,–,斬,–,敵,全体,31,1,6,0,95,-1,0,0,0,23,0,筋,体,–,–,–,–,–,0,0,0,0,–,–,0,0,–,0,0,0,0,–,0,–,0,0,1,2,1,0,24,15
391,MCH_M90X_B06a,タイガーブレイク,タイガー,ブレイク,タイガーブレイク,–,M90X_B06a,メカ技,1,0,近接メカ,–,打,–,敵,単体,46,1,6,0,92,3,0,0,3,26,0,筋,体,–,–,–,–,–,0,0,0,0,–,–,0,0,–,0,1,0,0,–,0,–,0,0,1,0,1,2,24,15
392,MCH_Diva,乱れ雪月花［2］,乱れ,雪月花,乱れ雪月花［2］,–,WHSSW_B04,メカ技,1,0,近接メカ,–,斬,冷,敵,単体,76,1,7,0,95,0,0,0,0,34,0,筋,体,–,–,–,–,–,0,0,0,0,–,–,0,0,–,0,0,0,0,–,0,–,0,0,1,1,1,1,25,16
393,MCH_M902_B01a,霜柱,霜,柱,霜柱,–,M902_B01a,メカ技,1,1,近接メカ,–,突,冷,敵,乱撃,60,5,5,0,95,0,5,3,0,6,0,技,集,–,–,–,–,–,0,0,0,0,–,–,0,0,対空,0,0,0,0,–,0,–,0,0,1,2,1,0,23,14
394,MCH_M905_B01a,コスミックレイヴ,コスミック,レイヴ,コスミックレイヴ,–,M905_B01a,メカ技,1,1,射撃メカ,–,無,–,敵,単体,50,1,6,0,95,0,0,0,0,28,0,運,体,–,–,–,–,–,0,0,0,0,–,–,0,0,–,0,0,0,0,–,0,–,0,0,1,0,1,2,24,15
395,MCH_M903_B01a,無伴奏ソナタ,無伴奏,ソナタ,無伴奏ソナタ,–,M903_B01a,メカ技,1,1,射撃メカ,–,無,–,敵,全体,13,1,3,0,95,0,3,3,0,13,0,知,集,–,メカスタン,–,–,–,50,0,0,0,–,–,0,0,対空,0,0,0,0,–,0,–,0,0,1,0,1,2,21,12
396,MCH_M904_B01a,四連ミサイル,四連,ミサイル,四連ミサイル,–,M904_B01a,メカ技,1,1,射撃メカ,–,打,熱,敵,乱撃,51,4,4,0,95,0,4,3,0,7,0,技,集,–,–,–,–,–,0,0,0,0,–,–,0,0,対空,0,0,0,0,–,0,–,0,0,1,1,1,0,22,13
397,MCH_M90Y_A01a,水鉄砲,水,鉄砲,水鉄砲,–,M90Y_A01a,メカ技,1,1,射撃メカ,–,冷,–,敵,単体,21,1,1,0,95,1,1,2,0,20,0,技,集,–,–,–,–,–,0,0,0,0,–,–,0,0,対空,0,0,0,0,–,1,–,0,0,1,0,1,1,19,10
398,MCH_M90Y_A01a_A,重水砲,重,水砲,重水砲,–,M90Y_A01a,メカ技,1,0,射撃メカ,–,冷,–,敵,単体,28,1,2,0,95,-1,2,2,0,22,0,技,集,–,–,–,–,–,0,0,0,0,–,–,0,0,対空,0,0,0,0,–,1,–,0,0,1,1,1,0,20,11
399,MCH_M90Y_A01a_B,オンボロ鉄砲,オンボロ,鉄砲,オンボロ鉄砲,–,M90Y_A01a,メカ技,1,0,射撃メカ,–,冷,–,敵,単体,15,1,1,0,55,0,1,2,0,15,0,技,集,–,–,–,–,–,0,0,0,0,–,–,0,0,対空,0,1,0,0,–,1,–,0,0,1,0,0,0,19,10
400,MCH_M90Y_A02a,AI射撃,AI,射撃,AI射撃,–,M90Y_A02a,メカ技,1,1,射撃メカ,–,突,–,敵,単体,21,1,1,0,95,2,1,2,0,20,0,知,集,–,挑発,–,–,–,100,0,0,0,–,–,0,0,対空,0,0,0,0,–,1,–,0,0,1,0,1,0,19,10
401,MCH_M90Y_A02a_A,支援狙撃,支援,狙撃,支援狙撃,–,M90Y_A02a,メカ技,1,1,射撃メカ,–,突,–,敵,他者,29,1,2,0,95,0,2,2,0,22,0,知,集,–,–,–,–,–,0,0,0,0,–,–,0,0,対空,0,0,0,0,–,1,フォロー,100,0,1,0,0,0,9,11
402,MCH_M90Y_A03a,スパークリングミスト,スパーク,ミスト,スパークリングミスト,–,M90Y_A03a,メカ技,1,1,射撃メカ,–,冷,雷,敵,全体,12,1,2,0,95,1,2,2,0,12,0,技,集,–,すばやさ,–,–,–,-8,0,0,0,–,–,0,0,対空,0,0,0,0,–,0,–,0,0,1,1,1,1,20,11
403,MCH_M90Y_A04a,ヘッジホグシステム,ヘッジ,システム,ヘッジホグシステム,–,M90Y_A04a,メカ技,1,1,射撃メカ,–,熱,–,敵,単体,61,1,3,0,95,-3,3,3,0,30,0,技,集,–,ガード不可,–,–,–,100,0,0,0,–,–,0,0,対空,1,0,0,0,–,0,カウンター,80,0,1,0,1,0,21,5
404,MCH_M90Y_A05a,ビット,ビ,ット,ビット,–,M90Y_A05a,メカ技,1,1,射撃メカ,–,突,–,敵,単体,43,1,2,0,95,0,2,2,0,26,0,知,集,–,ガード不可,–,–,–,100,0,0,0,–,–,0,0,対空,0,0,0,0,–,1,突インタラプト,100,0,1,0,1,0,20,4
405,MCH_M90Y_A06a,かわせない銃弾,かわせない,銃弾,かわせない銃弾,–,M90Y_A06a,メカ技,1,1,射撃メカ,–,突,–,敵,単体,33,1,3,0,95,-1,3,3,0,23,0,知,集,–,–,–,–,–,0,0,0,0,–,–,0,0,対空,1,0,0,0,–,1,–,0,0,1,1,1,1,21,12
406,MCH_M90Y_A07a,周回射撃,周回,射撃,周回射撃,–,M90Y_A07a,メカ技,1,1,射撃メカ,–,突,–,敵,全体,18,1,3,0,95,0,3,3,0,18,0,技,集,–,–,–,–,–,0,0,0,0,–,–,0,0,対空,0,0,0,0,–,0,–,0,0,1,1,1,0,21,12
407,MCH_M90Y_A08a,強制冷却,強制,冷却,強制冷却,–,M90Y_A08a,メカ技,1,1,射撃メカ,–,冷,–,敵,単体,40,1,4,0,95,-1,4,3,0,25,0,技,集,–,ヘイト消去,–,–,–,100,0,0,0,–,–,0,0,対空,0,0,0,0,–,1,–,0,0,1,1,1,0,22,13
408,MCH_M90Y_A08a_A,氷結弾,氷結,弾,氷結弾,–,M90Y_A08a,メカ技,1,1,射撃メカ,–,冷,–,敵,単体,27,1,2,0,95,0,2,2,0,22,0,技,集,–,ヘイト消去,–,–,–,100,0,0,0,–,–,0,0,対空,0,0,0,0,–,1,–,0,0,1,0,1,1,20,11
409,MCH_M90Y_A09a,論理爆弾,論理,爆弾,論理爆弾,–,M90Y_A09a,メカ技,1,1,射撃メカ,–,雷,–,敵,単体,42,1,5,0,95,1,5,3,0,26,0,知,集,–,メカマヒ,–,–,–,50,0,0,0,–,–,0,0,対空,0,0,0,0,メカ,1,–,0,0,1,0,1,2,23,14
410,MCH_M90Y_B01a,火器連射,火器,連射,火器連射,–,M90Y_B01a,メカ技,1,1,射撃メカ,–,熱,–,敵,乱撃,61,4,5,0,95,-2,5,3,0,8,0,技,集,–,–,–,–,–,0,0,0,0,–,–,0,0,対空,0,0,0,0,–,0,–,0,0,1,2,1,0,23,14
411,MCH_M90Y_B02a,リボルバーランチャー,リボ,ランチャー,リボルバーランチャー,–,M90Y_B02a,メカ技,1,0,射撃メカ,–,突,–,敵,乱撃,51,5,4,0,95,2,4,3,0,6,0,技,集,–,–,–,–,–,0,0,0,0,–,–,0,0,対空,0,0,0,0,–,0,–,0,0,1,1,1,1,22,13
412,MCH_M90Y_B03a,ヘビーマシンガン,ヘビー,マシンガン,ヘビーマシンガン,–,M90Y_B03a,メカ技,1,1,射撃メカ,–,雷,–,敵,全体,21,1,4,0,95,1,4,3,0,20,0,技,集,–,スタン,メカスタン,–,–,25,50,0,0,–,–,0,0,対空,0,0,0,0,–,0,–,0,0,1,0,1,1,22,13
413,MCH_M90Y_B04a,弾道ミサイル,弾道,ミサイル,弾道ミサイル,–,M90Y_B04a,メカ技,1,1,射撃メカ,–,熱,–,敵,全体,30,1,6,0,95,-3,6,4,0,22,0,知,集,–,–,–,–,–,0,0,0,0,–,–,0,0,対空,0,0,0,0,–,0,–,0,0,1,3,1,0,24,15
414,MCH_M90Y_B05a,人工降雹,人工,降雹,人工降雹,–,M90Y_B05a,メカ技,1,1,射撃メカ,–,冷,–,敵,全体,26,1,5,0,95,0,5,3,0,22,0,知,集,–,–,–,–,–,0,0,0,0,–,–,0,0,対空,0,0,0,0,–,0,–,0,0,1,1,1,1,23,14
415,MCH_M90Y_B06a,破壊光線,破壊,光線,破壊光線,–,M90Y_B06a,メカ技,1,1,射撃メカ,–,雷,–,敵,単体,69,1,7,0,95,-4,7,4,0,32,0,技,集,–,–,–,–,–,0,0,0,0,–,–,0,0,対空,0,0,0,0,–,1,–,0,0,1,2,1,0,25,16
416,MCH_M90Z_A01a,強化装置,強化,装置,強化装置,–,M90Z_A01a,メカ技,1,0,補助メカ,–,–,–,味方,単体,0,1,1,0,100,1,0,0,0,0,0,–,–,–,攻撃力,メカ限定,–,–,10,0,0,0,–,–,0,0,–,0,0,0,0,–,0,–,0,0,0,0,0,0,19,10
417,MCH_M90Z_A01a_2,強化装置改［1］,強化,強化,強化装置改［1］,–,M90Z_A01a,メカ技,1,0,補助メカ,–,–,–,味方,単体,0,1,2,0,100,2,0,0,0,0,0,–,–,–,攻撃力,メカ限定,–,–,20,0,0,0,–,–,0,0,–,0,0,0,0,–,0,–,0,0,0,0,0,0,20,11
418,MCH_M90Z_A02a,防護装置,防護,装置,防護装置,–,M90Z_A02a,メカ技,1,1,補助メカ,–,–,–,味方,単体,0,1,1,0,100,-1,0,0,0,0,0,–,–,–,防御力,メカ限定,–,–,10,0,0,0,–,–,0,0,–,0,0,0,0,–,0,–,0,0,0,0,0,0,19,10
419,MCH_M90Z_A02a_2,防護装置改［1］,防護,防護,防護装置改［1］,–,M90Z_A02a,メカ技,1,0,補助メカ,–,–,–,味方,単体,0,1,2,0,100,-2,0,0,0,0,0,–,–,–,防御力,メカ限定,–,–,20,0,0,0,–,–,0,0,–,0,0,0,0,–,0,–,0,0,0,0,0,0,20,11
420,MCH_M90Z_A03a,加速装置,加速,装置,加速装置,–,M90Z_A03a,メカ技,1,0,補助メカ,–,–,–,味方,自身,0,1,1,0,100,4,0,0,0,0,0,–,–,–,すばやさ,メカ限定,–,–,8,0,0,0,–,–,0,0,–,0,0,0,0,–,0,–,0,0,0,0,0,0,19,10
421,MCH_M90Z_A03a_2,加速装置改,加速,加速,加速装置改,–,M90Z_A03a,メカ技,1,0,補助メカ,–,–,–,味方,自身,0,1,2,0,100,5,0,0,0,0,0,–,–,–,すばやさ,メカ限定,–,–,16,0,0,0,–,–,0,0,–,0,0,0,0,–,0,–,0,0,0,0,0,0,20,11
422,MCH_M90Z_A04a,減速装置,減速,装置,減速装置,–,M90Z_A04a,メカ技,1,0,補助メカ,–,–,–,味方,自身,0,1,1,0,100,-4,0,0,0,0,0,–,–,–,すばやさ,メカ限定,–,–,-8,0,0,0,–,–,0,0,–,0,0,0,0,–,0,–,0,0,0,0,0,0,19,10
423,MCH_M90Z_A04a_2,減速装置改,減速,減速,減速装置改,–,M90Z_A04a,メカ技,1,0,補助メカ,–,–,–,味方,自身,0,1,2,0,100,-5,0,0,0,0,0,–,–,–,すばやさ,メカ限定,–,–,-16,0,0,0,–,–,0,0,–,0,0,0,0,–,0,–,0,0,0,0,0,0,20,11
424,MCH_M90Z_A05a,修理装置,修理,装置,修理装置,–,M90Z_A05a,メカ技,1,0,補助メカ,–,–,–,味方,単体,0,1,2,0,100,0,0,0,0,0,0,–,–,–,メカ修理,メカ限定,–,–,0,0,0,0,–,–,0,0,–,0,0,0,0,–,0,–,0,0,0,0,0,0,20,11
425,MCH_M90Z_A05a_2,修理装置改,修理,修理,修理装置改,–,M90Z_A05a,メカ技,1,0,補助メカ,–,–,–,味方,単体,0,1,1,0,100,3,0,0,0,0,0,–,–,–,メカ修理,メカ限定,–,–,0,0,0,0,–,–,0,0,–,0,0,0,0,–,0,–,0,0,0,0,0,0,19,10
426,MCH_M90Z_A06a,光学迷彩,光学,迷彩,光学迷彩,–,M90Z_A06a,メカ技,1,0,補助メカ,–,–,–,味方,自身,0,1,2,0,100,-2,0,0,0,0,0,–,–,–,ステルス,–,–,–,0,0,0,0,–,–,0,0,–,0,0,0,0,–,0,–,0,0,0,0,0,0,20,11
427,MCH_M90Z_A06a_2,光学迷彩改,光学,光学,光学迷彩改,–,M90Z_A06a,メカ技,1,0,補助メカ,–,–,–,味方,自身,0,1,1,0,100,2,0,0,0,0,0,–,–,–,ステルス,–,–,–,0,0,0,0,–,–,0,0,–,0,0,0,0,–,0,–,0,0,0,0,0,0,19,10
428,MCH_M90Z_B01a,自己防衛プログラム,自己防衛,プログラム,自己防衛プログラム,–,M90Z_B01a,メカ技,1,0,補助メカ,–,–,–,味方,自身,0,1,1,0,100,1,0,0,0,0,0,–,–,–,メカ異常無効,–,–,–,6,0,0,0,–,–,0,0,–,0,0,0,0,–,0,–,0,0,0,0,0,0,19,10
429,MCH_M90Z_B01a_2,自己防衛プログラム改,自己防衛,自己防衛,自己防衛プログラム改,–,M90Z_B01a,メカ技,1,0,補助メカ,–,–,–,味方,自身,0,1,2,0,100,-1,0,0,0,0,0,–,–,–,メカ異常無効,–,–,–,12,0,0,0,–,–,0,0,–,0,0,0,0,–,0,–,0,0,0,0,0,0,20,11
430,MCH_M90Z_B02a,金剛プログラム,金剛,プログラム,金剛プログラム,–,M90Z_B02a,メカ技,1,0,補助メカ,–,–,–,味方,自身,0,1,5,0,100,-4,0,0,0,0,0,–,–,–,金剛プログラム,–,–,–,0,0,0,0,–,–,0,0,–,0,0,0,0,–,0,–,0,0,0,0,0,0,23,14
431,MCH_M90Z_B02a_2,金剛プログラム改,金剛,金剛,金剛プログラム改,–,M90Z_B02a,メカ技,1,0,補助メカ,–,–,–,味方,自身,0,1,3,0,100,-2,0,0,0,0,0,–,–,–,金剛プログラム,–,–,–,0,0,0,0,–,–,0,0,–,0,0,0,0,–,0,–,0,0,0,0,0,0,21,12
432,MCH_M90Z_B03a,セーフティ解除,セーフティ,解除,セーフティ解除,–,M90Z_B03a,メカ技,1,0,補助メカ,–,–,–,味方,自身,0,1,1,0,100,-1,0,0,0,0,0,–,–,–,BPコスト,技威力,–,–,1,5,0,0,–,–,0,0,–,0,0,0,0,–,0,–,0,0,0,0,0,0,19,10
433,MCH_M90Z_B03a_2,セーフティ解除改,セーフティ,セーフ,セーフティ解除改,–,M90Z_B03a,メカ技,1,0,補助メカ,–,–,–,味方,自身,0,1,2,0,100,-2,0,0,0,0,0,–,–,–,BPコスト,技威力,–,–,1,6,0,0,–,–,0,0,–,0,0,0,0,–,0,–,0,0,0,0,0,0,20,11
434,MAG_MG_A_01_Mo01,グラビティバインド,グラビティ,バインド,グラビティバインド,–,MG_A_01,術,1,1,術,–,打,雷,敵,単体,40,1,2,1,100,2,2,2,0,25,0,知,集,木,スタン,–,–,–,75,0,0,0,–,–,0,0,対空,0,0,0,0,–,1,–,0,0,1,0,1,3,26,4
435,MAG_MG_A_02_Mo02,エアウォール,エア,ウォール,エアウォール,–,MG_A_02,術,1,0,術,–,–,–,味方,単体,0,1,3,1,100,4,3,3,0,0,0,知,集,木,状態異常無効,–,–,–,15,0,0,0,–,–,0,0,対空,0,0,0,0,–,0,–,0,0,0,0,0,0,30,5
436,MAG_MG_A_03_Mo03,天雷,天,天雷,天雷,–,MG_A_03,術,1,1,術,–,雷,–,敵,乱撃,78,5,3,2,100,0,3,3,0,7,0,知,集,木,マヒ,メカマヒ,–,–,50,50,0,0,–,–,0,0,対空,0,0,0,0,–,1,–,0,0,1,2,1,2,40,5
437,MAG_MG_A_04_Mo04,ミラーシェイド,ミラー,シェイド,ミラーシェイド,–,MG_A_04,術,1,0,術,–,–,–,味方,単体,0,1,3,1,100,2,3,3,0,0,0,知,集,木,ダメージ無効,–,–,–,0,0,0,0,–,–,0,0,対空,0,0,0,0,–,0,–,0,0,0,0,0,0,30,5
438,MAG_MG_A_05_Mo05,カオスディザスター,カオス,ザスター,カオスディザスター,–,MG_A_05,術,1,1,術,–,熱,冷,敵,単体,55,1,4,1,100,3,4,3,0,29,0,知,集,木,毒,暗闇,混乱,–,50,50,50,0,–,–,0,0,対空,0,0,0,0,–,1,–,0,0,1,0,1,4,34,6
439,MAG_MG_B_01_Ka01,太陽光線,太陽,光線,太陽光線,–,MG_B_01,術,1,1,術,–,熱,–,敵,単体,42,1,2,1,100,0,4,3,0,26,0,知,集,火,–,–,–,–,0,0,0,0,–,–,0,0,対空,0,0,0,0,魔族,1,–,0,0,1,2,1,2,26,4
440,MAG_MG_B_02_Ka02,魂の歌,魂の,歌,魂の歌,–,MG_B_02,術,1,0,術,–,–,–,味方,全体,0,1,3,1,100,3,6,4,0,0,0,知,集,火,攻撃力,ヘイト消去,–,–,10,0,0,0,–,–,0,0,対空,0,0,0,0,–,0,–,0,0,0,0,0,0,30,5
441,MAG_MG_B_03_Ka03,超風［1］,超,超風,超風［1］,–,MG_B_03,術,1,1,術,–,熱,–,敵,全体,41,1,4,2,100,-1,8,4,0,25,0,知,集,火,–,–,–,–,0,0,0,0,–,–,0,0,対空,0,0,0,0,–,0,–,0,0,1,3,1,3,44,6
442,MAG_MG_B_04_Ka04,覚醒［1］,覚,覚醒,覚醒［1］,–,MG_B_04,術,1,0,術,–,–,–,味方,自身,0,1,4,1,100,0,8,4,0,0,0,知,集,火,技威力,–,–,–,5,0,0,0,–,–,0,0,対空,0,0,0,0,–,0,–,0,0,0,0,0,0,34,6
443,MAG_MG_B_05_Ka05,焼殺,焼,焼,焼殺,–,MG_B_05,術,1,1,術,–,熱,–,敵,単体,84,1,4,2,100,2,8,4,0,36,0,知,集,火,攻撃力,即死,ガード不可,–,-20,50,100,0,–,–,0,0,対空,0,0,0,0,–,0,–,0,0,1,0,1,3,44,6
444,MAG_MG_C_01_Do01,呪縛,呪,呪縛,呪縛,–,MG_C_01,術,1,1,術,–,無,–,敵,単体,33,1,2,1,100,-1,6,4,0,23,0,知,集,土,マヒ,–,–,–,75,0,0,0,–,–,0,0,対空,0,0,0,0,–,1,–,0,0,1,3,1,0,26,4
445,MAG_MG_C_02_Do02,ディレイオーダー,ディレイ,オーダー,ディレイオーダー,–,MG_C_02,術,1,0,術,–,–,–,敵,単体,0,1,3,1,100,2,9,5,0,0,0,知,集,土,すばやさ,詠唱延長,–,–,-24,100,0,0,–,–,0,0,対空,0,0,0,0,–,1,–,0,0,0,0,0,0,30,5
446,MAG_MG_C_03_Do03,超重力,超,重力,超重力,–,MG_C_03,術,1,1,術,–,打,–,敵,全体,37,1,4,2,100,-1,12,6,0,24,0,知,集,土,BP,–,–,–,-1,0,0,0,–,–,0,0,対空,0,0,0,0,–,0,–,0,0,1,2,1,2,44,6
447,MAG_MG_C_04_Do04,アースウォール,アース,ウォール,アースウォール,–,MG_C_04,術,1,0,術,–,–,–,味方,全体,0,1,3,1,100,0,9,5,0,0,0,知,集,土,防御力,–,–,–,10,0,0,0,–,–,0,0,対空,0,0,0,0,–,0,–,0,0,0,0,0,0,30,5
448,MAG_MG_C_05_Do05,デブリスフロー［1］,デブリ,フロー,デブリスフロー［1］,–,MG_C_05,術,1,1,術,–,打,–,敵,全体,30,1,4,1,100,-1,12,6,0,22,0,知,集,土,防御力,ガード不可,–,–,-10,100,0,0,–,–,0,0,対空,0,0,0,0,–,0,–,0,0,1,4,1,0,34,6
449,MAG_MG_D_01_Ki01,ブラッドフリーズ,ブラッド,フリーズ,ブラッドフリーズ,–,MG_D_01,術,1,1,術,–,冷,–,敵,単体,41,1,2,1,100,0,2,2,0,25,0,知,集,金,スタン,–,–,–,50,0,0,0,–,–,0,0,対空,0,0,0,0,–,1,–,0,0,1,2,1,2,26,4
450,MAG_MG_D_02_Ki02,マジカルハーモニー,マジカル,ハーモニー,マジカルハーモニー,–,MG_D_02,術,1,0,術,–,–,–,味方,単体,0,1,3,1,100,2,3,3,0,0,0,知,集,金,連携範囲拡張,–,–,–,2,0,0,0,–,–,0,0,対空,0,0,0,0,–,0,–,0,0,0,0,0,0,30,5
451,MAG_MG_D_03_Ki03,ヴァーミリオンサンズ,ヴァーミリ,サンズ,ヴァーミリオンサンズ,–,MG_D_03,術,1,1,術,–,熱,–,敵,全体,39,1,4,2,100,1,4,3,0,25,0,知,集,金,暗闇,–,–,–,75,0,0,0,–,–,0,0,対空,0,0,0,0,–,0,–,0,0,1,2,1,2,44,6
452,MAG_MG_D_04_Ki04,マジックブレス,マジック,ブレス,マジックブレス,–,MG_D_04,術,1,0,術,–,–,–,味方,自身,0,1,3,1,100,0,3,3,0,0,0,知,集,金,BPコスト,–,–,–,-2,0,0,0,–,–,0,0,対空,0,0,0,0,–,0,–,0,0,0,0,0,0,30,5
453,MAG_MG_D_05_Ki05,塔,塔,塔,塔,–,MG_D_05,術,1,1,術,–,雷,–,敵,全体,52,1,5,2,100,0,5,3,0,28,0,知,集,金,術力,ガード不可,–,–,-20,100,0,0,–,–,0,0,対空,0,0,0,0,–,0,–,0,0,1,3,1,3,48,7
454,MAG_MG_E_01_Su01,激痛,激,激痛,激痛,–,MG_E_01,術,1,1,術,–,斬,–,敵,単体,40,1,2,1,100,1,0,0,0,25,0,知,集,水,毒,–,–,–,75,0,0,0,–,–,0,0,対空,0,0,0,0,–,1,–,0,0,1,0,1,3,26,4
455,MAG_MG_E_02_Su02,浄化の水,浄化の,水,浄化の水,–,MG_E_02,術,1,0,術,–,–,–,味方,全体,0,1,3,1,100,3,0,0,0,0,0,知,集,水,状態回復,–,–,–,0,0,0,0,–,–,0,0,対空,0,0,0,0,–,0,–,0,0,0,0,0,0,30,5
456,MAG_MG_E_03_Su03,ウォータスフィア,ウォータ,スフィア,ウォータスフィア,–,MG_E_03,術,1,1,術,–,冷,–,敵,単体,51,1,3,1,100,1,0,0,0,28,0,知,集,水,ガード不可,特殊効果解除,–,–,100,0,0,0,–,–,0,0,対空,0,0,0,0,–,1,–,0,0,1,1,1,1,30,5
457,MAG_MG_E_04_Su04,クイックタイム,クイック,タイム,クイックタイム,–,MG_E_04,術,1,0,術,–,–,–,味方,全体,0,1,4,2,100,4,0,0,0,0,0,知,集,水,すばやさ,BP,–,–,8,2,0,0,–,–,0,0,対空,0,0,0,0,–,0,–,0,0,0,0,0,0,44,6
458,MAG_MG_E_05_Su05,吹雪,吹,雪,吹雪,–,MG_E_05,術,1,1,術,–,冷,–,敵,全体,50,1,5,2,100,1,0,0,0,28,0,知,集,水,すばやさ,–,–,–,-8,0,0,0,–,–,0,0,対空,0,0,0,0,–,0,–,0,0,1,2,1,2,48,7
459,OHS_WL000_B01_A,ブラッドスパルタン［2］,スパルタ,スパルタン,ブラッドスパルタン［2］,–,WL000_B01,敵専用技,0,1,片手剣,汎用片手剣,斬,–,敵,単体,50,1,5,0,95,0,5,3,0,28,0,筋,体,–,即死,–,–,–,75,0,0,0,–,–,0,0,–,0,0,0,0,–,0,–,0,0,1,2,1,2,23,14
460,OHS_WLLSW_B01_A,ブラッドガード,ブラッド,ガード,ブラッドガード,–,WLLSW_B01,敵専用技,0,1,片手剣,長剣,斬,–,敵,単体,43,1,3,0,95,9,3,3,0,26,0,筋,体,–,–,–,–,–,0,0,0,0,–,–,0,0,–,0,0,0,0,–,0,–,0,0,1,0,1,3,21,12
461,MCH_M901_A01a_EN,死の円盤,死の,円盤,死の円盤,–,M901_A01a,敵専用技,0,1,近接メカ,–,斬,–,敵,単体,25,1,2,0,95,4,0,0,0,21,0,運,体,–,即死,–,–,–,50,0,0,0,–,–,0,0,–,0,0,0,0,–,0,チェイス,100,0,1,0,0,0,20,11
462,MCH_M90X_A06a_EN,ガーディアンプログラム［2］,ガー,プログラム,ガーディアンプログラム［2］,–,M90X_A01a,敵専用技,0,1,近接メカ,–,–,–,味方,他者,60,1,2,0,0,0,0,0,0,0,0,–,–,–,–,–,–,–,0,0,0,0,–,–,0,0,–,0,0,0,0,–,0,プロテクト,100,1,0,0,0,0,20,11
463,MCH_M90X_B03a_A_EN,アーリーフラッシュ,アーリー,フラッシュ,アーリーフラッシュ,–,M90X_B03a,敵専用技,0,1,近接メカ,–,斬,–,敵,単体,30,1,3,0,95,4,3,3,0,22,0,筋,体,–,暗闇,–,–,–,50,0,0,0,–,–,0,0,対空,0,0,0,1,–,1,–,0,0,1,0,1,2,21,12
464,MCH_M90X_B03a_A_EN2,レイトフラッシュ,レイト,フラッシュ,レイトフラッシュ,–,M90X_B03a,敵専用技,0,1,近接メカ,–,斬,–,敵,単体,30,1,3,0,95,-9,3,3,0,22,0,筋,体,–,暗闇,–,–,–,50,0,0,0,–,–,0,0,対空,0,0,1,0,–,1,–,0,0,1,2,1,0,21,12
465,MCH_M90Y_B04a_EN,後方制圧射撃,後方,制圧射撃,後方制圧射撃,–,M90Y_B04a,敵専用技,0,1,射撃メカ,–,熱,–,敵,後方,43,1,5,0,94,4,5,3,1,26,0,知,集,–,範囲バンプ,–,–,–,100,0,0,0,–,–,0,0,対空,0,0,0,0,–,0,–,0,0,1,0,1,4,23,14
466,MCH_M90Z_A01a_EN,強化装置改［2］,強化,装置,強化装置改［2］,–,M90Z_A01a,敵専用技,0,1,補助メカ,–,–,–,味方,他者,0,1,1,0,100,1,0,0,0,0,0,–,–,–,攻撃力,メカ限定,–,–,20,0,0,0,–,–,0,0,–,0,0,0,1,–,0,–,0,0,0,0,0,0,19,10
467,MCH_M90Z_A02a_EN,防護装置改［2］,防護,装置,防護装置改［2］,–,M90Z_A02a,敵専用技,0,1,補助メカ,–,–,–,味方,他者,0,1,1,0,100,-1,0,0,0,0,0,–,–,–,防御力,メカ限定,–,–,20,0,0,0,–,–,0,0,–,0,0,1,0,–,0,–,0,0,0,0,0,0,19,10
468,EN_M000_A02a,舐め斬る［2］,舐め,斬る,舐め斬る［2］,–,M000_A02a,敵専用技,0,1,敵専用,–,斬,–,敵,単体,20,1,1,0,95,0,0,0,0,20,0,筋,体,–,すばやさ,–,–,–,-8,0,0,0,–,–,0,0,–,0,0,0,0,–,0,–,0,0,1,0,1,0,22,22
469,EN_M000_A01a,サンダースマッシュ［2］,サンダー,スマッシュ,サンダースマッシュ［2］,–,M000_A01a,敵専用技,0,1,敵専用,–,斬,雷,敵,単体,24,1,2,0,95,2,0,0,0,21,0,筋,体,–,メカスタン,–,–,–,50,0,0,0,–,–,0,0,–,0,0,0,1,–,0,–,0,0,1,0,1,1,24,24
470,EN_M000_A01a_Tri,トライスマッシュ,トライ,スマッシュ,トライスマッシュ,–,M000_A01a,敵専用技,0,1,敵専用,–,斬,雷,敵,単体,51,1,3,0,95,2,0,0,0,28,0,筋,体,–,メカスタン,トライ,–,–,100,0,0,0,–,–,0,0,–,0,0,0,1,–,0,–,0,1,1,1,1,1,26,26
471,EN_M000_A03a,奇襲の牙［2］,奇襲,牙,奇襲の牙［2］,–,M000_A03a,敵専用技,0,1,敵専用,–,打,–,敵,単体,53,1,3,0,95,-1,3,3,0,28,0,技,体,–,ガード不可,–,–,–,100,0,0,0,–,–,0,0,–,0,0,1,0,–,0,打インタラプト,100,0,1,0,1,0,26,7
472,EN_M000_A04a,逆襲の牙［2］,逆襲,牙,逆襲の牙［2］,–,M000_A04a,敵専用技,0,1,敵専用,–,斬,–,敵,単体,53,1,3,0,95,0,3,3,0,28,0,技,体,–,ガード不可,–,–,–,100,0,0,0,–,–,0,0,–,0,0,1,0,–,0,斬インタラプト,100,0,1,0,1,0,26,7
473,EN_M000_A05a,急襲の牙［2］,急襲,牙,急襲の牙［2］,–,M000_A05a,敵専用技,0,1,敵専用,–,突,–,敵,単体,42,1,2,0,95,-2,2,2,0,26,0,技,体,–,ガード不可,–,–,–,100,0,0,0,–,–,0,0,–,0,0,1,0,–,0,突インタラプト,100,0,1,0,1,0,24,6
474,EN_M001_A01a,カバームーブ,カバー,ムーブ,カバームーブ,–,M001_A01a,敵専用技,0,1,敵専用,–,–,–,味方,他者,75,1,2,0,95,1,0,0,0,0,0,–,–,–,–,–,–,–,0,0,0,0,–,–,0,0,–,0,0,0,0,–,0,プロテクト,100,1,0,0,0,0,24,24
475,EN_M001_A02a,アーマーブレイク［2］,アーマー,ブレイク,アーマーブレイク［2］,–,M001_A02a,敵専用技,0,1,敵専用,–,斬,–,敵,単体,20,1,1,0,95,-1,0,0,0,20,0,筋,体,–,防御力,–,–,–,-10,0,0,0,–,–,0,0,–,0,0,0,0,–,0,–,0,0,1,0,1,0,22,22
476,EN_M001_A02a_Tri,トライブレイク,トライ,ブレイク,トライブレイク,–,M001_A02a,敵専用技,0,1,敵専用,–,斬,–,敵,単体,53,1,3,0,95,-1,0,0,0,28,0,筋,体,–,防御力,トライ,–,–,-30,0,0,0,–,–,0,0,–,0,0,0,0,–,0,–,0,1,1,1,1,1,26,26
477,EN_M001_A03a,シャウト,シャ,シャウト,シャウト,–,M001_A03a,敵専用技,0,1,敵専用,–,無,–,敵,全体,14,1,2,0,95,0,0,0,0,14,0,技,集,–,すばやさ,ガード不可,–,–,-8,100,0,0,–,–,0,0,–,0,0,1,0,–,0,打インタラプト,100,0,1,0,1,0,24,6
478,EN_M001_A04a,ブレイクカウンター［2］,ブレイク,カウンター,ブレイクカウンター［2］,–,M001_A04a,敵専用技,0,1,敵専用,–,斬,–,敵,単体,52,1,3,0,95,-2,3,3,0,28,0,技,体,–,防御力,ガード不可,–,–,-20,100,0,0,–,–,0,0,–,1,0,1,0,–,0,カウンター,100,0,1,0,1,0,26,7
479,EN_M001_B01a,火炎,火,炎,火炎,–,M001_B01a,敵専用技,0,1,敵専用,–,熱,–,敵,全体,17,1,3,0,95,-1,3,3,0,17,0,知,集,–,攻撃力,–,–,–,-10,0,0,0,–,–,0,0,–,0,0,0,0,–,0,–,0,0,1,0,1,0,26,26
480,EN_M002_A01a,突進［2］,突,突進,突進［2］,–,M002_A01a,敵専用技,0,1,敵専用,–,打,–,敵,単体,20,1,1,0,84,0,0,0,1,20,0,体,体,–,メカスタン,–,–,–,50,0,0,0,–,–,0,0,–,0,0,1,0,–,0,–,0,0,1,0,1,1,22,22
481,EN_M002_A02a,かちあげ［2］,かち,あげ,かちあげ［2］,–,M002_A02a,敵専用技,0,1,敵専用,–,打,–,敵,単体,29,1,2,0,85,1,0,0,0,22,0,筋,体,–,スタン,–,–,–,50,0,0,0,–,–,0,0,–,0,0,0,0,–,0,–,0,0,1,0,1,0,24,24
482,EN_M002_A05a,イノシシストライク［2］,イノシシ,ストライク,イノシシストライク［2］,–,M002_A05a,敵専用技,0,1,敵専用,–,打,–,敵,単体,44,1,4,0,84,-2,12,6,1,26,0,筋,体,–,–,–,–,–,0,0,0,0,–,–,0,0,–,0,0,0,0,–,0,–,0,0,1,1,1,0,27,27
483,EN_M002_A05a_Tri,トライストライク,トライ,ストライク,トライストライク,–,M002_A05a,敵専用技,0,1,敵専用,–,打,–,敵,単体,66,1,3,0,84,-2,9,5,1,32,0,筋,体,–,トライ,–,–,–,0,0,0,0,–,–,0,0,–,0,0,0,0,–,0,–,0,1,1,1,1,1,26,26
484,EN_M002_A04a,ヒップアタック［2］,ヒップ,アタック,ヒップアタック［2］,–,M002_A04a,敵専用技,0,1,敵専用,–,打,–,敵,単体,36,1,3,0,84,1,0,0,1,24,0,筋,体,–,挑発,–,–,–,100,0,0,0,–,–,0,0,–,0,0,0,0,–,0,–,0,0,1,0,1,1,26,26
485,EN_M002_A03a,悪臭返し［2］,悪臭,返し,悪臭返し［2］,–,M002_A03a,敵専用技,0,1,敵専用,–,熱,–,敵,単体,33,1,2,0,100,0,2,2,1,23,0,知,集,–,悪臭,ガード不可,–,–,100,100,0,0,–,–,0,0,–,0,0,1,0,–,0,斬インタラプト,100,0,1,0,1,0,24,6
486,EN_M002_A03a_A,悪臭［2］,悪,悪臭,悪臭［2］,–,M002_A03a,敵専用技,0,1,敵専用,–,熱,–,敵,単体,24,1,2,0,94,0,2,2,1,21,0,知,集,–,悪臭,–,–,–,100,0,0,0,–,–,0,0,–,0,0,0,0,–,0,–,0,0,1,0,1,0,24,24
487,EN_M002_A03a_B,追撃悪臭［2］,追撃,悪臭,追撃悪臭［2］,–,M002_A03a,敵専用技,0,1,敵専用,–,熱,–,敵,単体,33,1,2,0,94,0,2,2,1,23,0,知,集,–,悪臭,–,–,–,100,0,0,0,–,–,0,0,–,0,0,0,1,–,0,チェイス,100,0,1,0,0,0,24,24
488,EN_M010_A01a,なぎ払う［2］,なぎ,払う,なぎ払う［2］,–,M010_A01a,敵専用技,0,1,敵専用,–,斬,–,敵,単体,20,1,1,0,95,2,0,0,0,20,0,筋,体,–,スタン,–,–,–,50,0,0,0,–,–,0,0,–,0,0,0,0,–,0,–,0,0,1,0,1,0,23,23
489,EN_M010_A02a,流し斬り［3］,流し,斬り,流し斬り［3］,–,M010_A02a,敵専用技,0,1,敵専用,–,斬,–,敵,単体,25,1,2,0,95,1,0,0,0,21,0,筋,体,–,攻撃力,–,–,–,-10,0,0,0,–,–,0,0,–,0,0,0,0,–,0,–,0,0,1,0,1,1,24,24
490,EN_M010_B02a,みじん斬り［2］,みじん,斬り,みじん斬り［2］,–,M010_B02a,敵専用技,0,1,敵専用,–,斬,–,敵,単体,41,1,4,0,94,0,4,3,1,25,0,筋,体,–,–,–,–,–,0,0,0,0,–,–,0,0,–,0,0,1,0,–,0,–,0,0,1,1,1,0,27,27
491,EN_M010_A04a,落月破斬［3］,落月,破斬,落月破斬［3］,–,M010_A04a,敵専用技,0,1,敵専用,–,斬,–,敵,単体,34,1,3,0,95,2,3,3,0,24,0,技,体,–,–,–,–,–,0,0,0,0,–,–,0,0,–,0,0,0,0,–,1,–,0,0,1,0,1,2,26,26
492,EN_M010_B01a,空圧波［2］,空圧,波,空圧波［2］,–,M010_B01a,敵専用技,0,1,敵専用,–,斬,–,敵,後方,24,1,2,0,100,3,0,0,1,21,0,筋,集,–,範囲バンプ,–,–,–,100,0,0,0,–,–,0,0,対空,0,0,0,0,–,0,–,0,0,1,0,1,1,24,24
493,EN_M010_B01a_A,死圧波,死圧,波,死圧波,–,M010_B01b,敵専用技,0,1,敵専用,–,斬,–,敵,後方,29,1,2,0,100,4,0,0,1,22,0,筋,集,–,即死,範囲バンプ,–,–,25,100,0,0,–,–,0,0,対空,0,0,0,0,–,0,–,0,0,1,0,1,1,24,24
494,EN_M010_A03a,ソードバリア,ソード,バリア,ソードバリア,–,M010_A03a,敵専用技,0,1,敵専用,–,–,–,味方,他者,75,1,1,0,0,-1,0,0,0,0,0,–,–,–,–,–,–,–,0,0,0,0,–,–,0,0,–,0,0,0,0,–,0,プロテクト,100,1,0,0,0,0,23,23
495,EN_M011_A01a,ファングクラッシュ［2］,ファング,クラッシュ,ファングクラッシュ［2］,–,M011_A01a,敵専用技,0,1,敵専用,–,突,–,敵,単体,27,1,2,0,94,3,0,0,1,22,0,筋,体,–,防御力,–,–,–,-10,0,0,0,–,–,0,0,–,0,0,1,0,–,0,–,0,0,1,0,1,0,24,24
496,EN_M011_A01a_B,アースファング,アース,ファング,アースファング,–,M011_A01a,敵専用技,0,1,敵専用,–,突,–,敵,単体,30,1,3,0,94,2,0,0,1,22,0,筋,体,土,防御力,–,–,–,-30,0,0,0,–,–,0,0,–,0,0,1,0,–,0,–,0,0,1,0,1,2,26,26
497,EN_M011_B01a,咆哮,咆,咆哮,咆哮,–,M011_B01a,敵専用技,0,1,敵専用,–,無,–,敵,全体,16,1,4,0,100,3,4,3,0,16,0,知,集,–,スタン,メカスタン,–,–,50,50,0,0,攻撃力,–,10,0,対空,1,0,0,0,–,0,–,0,0,1,0,1,1,27,27
498,EN_M011_B01a_B,秋声,秋,声,秋声,–,M011_B01a,敵専用技,0,1,敵専用,–,無,–,敵,全体,16,1,4,0,100,3,4,3,0,16,0,知,集,金,スタン,メカスタン,–,–,50,50,0,0,すばやさ,–,24,0,対空,1,0,0,0,–,0,–,0,0,1,0,1,1,27,27
499,EN_M011_B01a_C,惑乱の咆哮,惑乱の,咆哮,惑乱の咆哮,–,M011_B01b,敵専用技,0,1,敵専用,–,無,–,敵,全体,15,1,4,0,100,3,4,3,0,15,0,知,集,–,混乱,–,–,–,50,0,0,0,攻撃力,–,10,0,対空,1,0,0,0,–,0,–,0,0,1,0,1,1,27,27
500,EN_M011_B01a_D,萎縮の咆哮,萎縮の,咆哮,萎縮の咆哮,–,M011_B01c,敵専用技,0,1,敵専用,–,無,–,敵,全体,15,1,4,0,100,3,4,3,0,15,0,知,集,–,すばやさ,詠唱延長,–,–,-16,50,0,0,攻撃力,–,10,0,対空,1,0,0,0,–,0,–,0,0,1,0,1,1,27,27
501,EN_M011_B01a_E,痺れ咆哮,痺れ,咆哮,痺れ咆哮,–,M011_B01d,敵専用技,0,1,敵専用,–,無,–,敵,全体,15,1,4,0,100,3,4,3,0,15,0,知,集,–,マヒ,メカマヒ,–,–,50,50,0,0,攻撃力,–,10,0,対空,1,0,0,0,–,0,–,0,0,1,0,1,1,27,27
502,EN_M011_B01a_F,死の咆哮,死の,咆哮,死の咆哮,–,M011_B01e,敵専用技,0,1,敵専用,–,無,–,敵,全体,15,1,4,0,100,3,4,3,0,15,0,知,集,–,即死,–,–,–,25,0,0,0,攻撃力,–,10,0,対空,1,0,0,0,–,0,–,0,0,1,0,1,1,27,27
503,EN_M011_B02a,グライダースパイク［2］,グライダー,スパイク,グライダースパイク［2］,–,M011_B02a,敵専用技,0,1,敵専用,–,突,–,敵,単体,38,1,4,0,93,3,12,6,2,24,0,筋,体,–,攻撃力,–,–,–,-10,0,0,0,–,–,0,0,–,0,0,0,1,–,0,–,0,0,1,0,1,4,27,27
504,EN_M011_B03a,放射火炎,放射,火炎,放射火炎,–,M011_B03a,敵専用技,0,1,敵専用,–,熱,–,敵,全体,26,1,5,0,100,-1,15,7,0,22,0,知,集,火,–,–,–,–,0,0,0,0,–,–,0,0,対空,0,0,0,0,–,0,–,0,0,1,1,1,0,29,29
505,EN_M011_B03a_A,放射大火炎,放射,大火炎,放射大火炎,–,M011_B03a,敵専用技,0,1,敵専用,–,熱,–,敵,全体,25,1,5,0,100,-1,15,7,0,21,0,知,集,火,–,–,–,–,0,0,0,0,攻撃力,–,20,0,対空,0,0,0,0,–,0,–,0,0,1,1,1,0,29,29
506,EN_M011_B04a,放射冷気,放射,冷気,放射冷気,–,M011_B04a,敵専用技,0,1,敵専用,–,冷,–,敵,全体,26,1,5,0,100,0,15,7,0,22,0,知,集,水,–,–,–,–,0,0,0,0,–,–,0,0,対空,0,0,0,0,–,0,–,0,0,1,1,1,0,29,29
507,EN_M011_B04a_A,放射大冷気,放射,大冷気,放射大冷気,–,M011_B04a,敵専用技,0,1,敵専用,–,冷,–,敵,全体,25,1,5,0,100,0,15,7,0,21,0,知,集,水,–,–,–,–,0,0,0,0,攻撃力,–,20,0,対空,0,0,0,0,–,0,–,0,0,1,1,1,0,29,29
508,EN_M011_B05a,放射電撃,放射,電撃,放射電撃,–,M011_B05a,敵専用技,0,1,敵専用,–,雷,–,敵,全体,26,1,5,0,100,1,15,7,0,22,0,知,集,金,–,–,–,–,0,0,0,0,–,–,0,0,対空,0,0,0,0,–,0,–,0,0,1,1,1,0,29,29
509,EN_M011_B05a_A,放射大電撃,放射,大電撃,放射大電撃,–,M011_B05a,敵専用技,0,1,敵専用,–,雷,–,敵,全体,25,1,5,0,100,1,15,7,0,21,0,知,集,金,–,–,–,–,0,0,0,0,攻撃力,–,20,0,対空,0,0,0,0,–,0,–,0,0,1,1,1,0,29,29
510,EN_M012_A01a,妖精のイノリ,妖精の,イノリ,妖精のイノリ,–,M012_A01a,敵専用技,0,1,敵専用,–,–,–,味方,自身,0,1,1,0,100,-1,0,0,0,0,0,–,–,–,術力,–,–,–,30,0,0,0,–,–,0,0,–,0,0,0,0,–,0,–,0,0,0,0,0,0,22,22
511,EN_M012_A02a,妖精のブレス,妖精の,ブレス,妖精のブレス,–,M012_A02a,敵専用技,0,1,敵専用,–,–,–,味方,全体,0,1,2,0,100,1,0,0,0,0,0,–,–,–,すばやさ,–,–,–,8,0,0,0,–,–,0,0,–,0,0,0,0,–,0,–,0,0,0,0,0,0,24,24
512,EN_M012_B01a,妖精のオカエシ,妖精の,オカエシ,妖精のオカエシ,–,M012_B01a,敵専用技,0,1,敵専用,–,突,–,敵,全体,22,1,2,0,95,0,0,0,0,20,0,技,体,–,暗闇,ガード不可,–,–,75,100,0,0,–,–,0,0,–,1,0,1,0,–,0,カウンター,100,0,1,0,1,0,24,6
513,EN_M012_A03a,妖精のイタズラ［2］,妖精の,イタズラ,妖精のイタズラ［2］,–,M012_A03a,敵専用技,0,1,敵専用,–,雷,–,敵,単体,51,1,3,0,95,-2,3,3,0,28,0,知,体,–,ガード不可,–,–,–,100,0,0,0,–,–,0,0,対空,0,0,1,0,–,1,打インタラプト,100,0,1,0,1,0,26,7
514,EN_M012_A04a,妖精のオシオキ［2］,妖精の,オシオキ,妖精のオシオキ［2］,–,M012_A04a,敵専用技,0,1,敵専用,–,冷,–,敵,単体,51,1,3,0,95,1,3,3,0,28,0,知,体,–,ガード不可,–,–,–,100,0,0,0,–,–,0,0,対空,0,0,1,0,–,1,突インタラプト,100,0,1,0,1,0,26,7
515,EN_M021_A01a,ビンタ［2］,ビン,ビンタ,ビンタ［2］,–,M021_A01a,敵専用技,0,1,敵専用,–,打,–,敵,単体,29,1,2,0,90,0,0,0,0,22,0,筋,体,–,挑発,–,–,–,100,0,0,0,–,–,0,0,–,0,0,0,0,–,0,–,0,0,1,0,1,0,24,24
516,EN_M021_A01a_Tri,トライビンタ,トライ,ビンタ,トライビンタ,–,M021_A01a,敵専用技,0,1,敵専用,–,打,–,敵,単体,62,1,3,0,90,0,0,0,0,30,0,筋,体,–,挑発,トライ,–,–,100,0,0,0,–,–,0,0,–,0,0,0,0,–,0,–,0,1,1,1,1,1,26,26
517,EN_M021_A02a,割り込みチョップ［2］,割り込み,チョップ,割り込みチョップ［2］,–,M021_A02a,敵専用技,0,1,敵専用,–,打,–,敵,単体,48,1,3,0,99,-1,3,3,1,27,0,技,体,–,メカスタン,ガード不可,–,–,50,100,0,0,–,–,0,0,–,0,0,1,0,–,0,突インタラプト,100,0,1,0,1,0,26,7
518,EN_M021_A03a,挟み込み［2］,挟み,込み,挟み込み［2］,–,M021_A03a,敵専用技,0,1,敵専用,–,打,–,敵,単体,32,1,3,0,95,2,3,3,0,23,0,筋,体,–,スタン,–,–,–,75,0,0,0,–,–,0,0,–,0,0,0,0,–,0,–,0,0,1,0,1,1,26,26
519,EN_M021_A04a,岩石投げ［2］,岩石,投げ,岩石投げ［2］,–,M021_A04a,敵専用技,0,1,敵専用,–,打,–,敵,単体,33,1,3,0,83,-1,3,3,2,23,0,技,体,–,すばやさ,–,–,–,-8,0,0,0,–,–,0,0,対空,0,0,0,0,–,1,–,0,0,1,1,1,0,26,26
520,EN_M021_A05a,ヤシの実爆弾［2］,ヤシ,爆弾,ヤシの実爆弾［2］,–,M021_A05a,敵専用技,0,1,敵専用,–,打,–,敵,単体,43,1,4,0,80,1,12,6,0,26,0,知,集,–,–,–,–,–,0,0,0,0,–,–,0,0,対空,0,0,0,0,–,1,–,0,0,1,0,1,1,27,27
521,EN_M021_A05a_Tri,トライボンバー,トライ,ボンバー,トライボンバー,–,M021_A05a,敵専用技,0,1,敵専用,–,打,–,敵,単体,65,1,3,0,80,1,9,5,0,31,0,知,集,–,トライ,–,–,–,0,0,0,0,–,–,0,0,対空,0,0,0,0,–,1,–,0,1,1,1,1,1,26,26
522,EN_M021_B01a,砂嵐,砂,嵐,砂嵐,–,M021_B01a,敵専用技,0,1,敵専用,–,斬,–,敵,全体,32,1,4,0,100,-1,12,6,0,23,0,知,集,–,ガード不可,–,–,–,100,0,0,0,–,–,0,0,対空,0,0,1,0,–,0,斬インタラプト,100,0,1,0,1,0,27,9
523,EN_M021_B02a,ハーベストボム,ハー,ボム,ハーベストボム,–,M021_B02a,敵専用技,0,1,敵専用,–,熱,–,敵,全体,22,1,5,0,95,-2,15,7,0,20,0,知,集,–,防御力,–,–,–,-10,0,0,0,–,–,0,0,対空,0,0,0,0,–,0,–,0,0,1,3,1,3,29,29
524,EN_M022_B01a,ヒートウェイヴ,ヒー,ウェイヴ,ヒートウェイヴ,–,M022_B01a,敵専用技,0,1,敵専用,–,熱,–,敵,全体,12,1,2,0,95,-1,0,0,0,12,0,知,集,–,すばやさ,–,–,–,-8,0,0,0,–,–,0,0,対空,0,0,0,0,–,0,–,0,0,1,1,1,1,24,24
525,EN_M022_A02a,目つぶし花粉［2］,目つぶし,花粉,目つぶし花粉［2］,–,M022_A02a,敵専用技,0,1,敵専用,–,打,–,敵,全体,13,1,2,0,95,1,0,0,0,13,0,技,集,–,暗闇,–,–,–,50,0,0,0,–,–,0,0,対空,0,0,0,0,–,0,–,0,0,1,1,1,1,24,24
526,EN_M022_A01a,サンシャイン,サン,シャイン,サンシャイン,–,M022_A01a,敵専用技,0,1,敵専用,–,熱,–,敵,全体,18,1,3,0,95,0,3,3,0,18,0,知,集,–,–,–,–,–,0,0,0,0,–,–,0,0,対空,0,0,0,0,–,0,–,0,0,1,1,1,1,26,26
527,EN_M022_A03a,スターフィクサー［2］,スター,フィクサー,スターフィクサー［2］,–,M022_A03a,敵専用技,0,1,敵専用,–,熱,–,敵,単体,31,1,3,0,95,-1,3,3,0,23,0,知,集,–,マヒ,メカマヒ,–,–,50,50,0,0,–,–,0,0,–,0,0,0,0,–,1,–,0,0,1,0,1,0,26,26
528,EN_M022_A03a_Tri,トライフィクサー,トライ,フィクサー,トライフィクサー,–,M022_A03a,敵専用技,0,1,敵専用,–,熱,–,敵,単体,50,1,3,0,95,-1,3,3,0,28,0,知,集,–,マヒ,メカマヒ,トライ,–,100,100,0,0,–,–,0,0,–,0,0,0,0,–,1,–,0,1,1,1,1,1,26,26
529,EN_M022_B02a,デイブレーク,デイ,ブレーク,デイブレーク,–,M022_B02a,敵専用技,0,1,敵専用,–,–,–,敵,全体,0,1,4,0,95,-2,4,3,0,0,0,知,集,–,即死,–,–,–,30,0,0,0,–,–,0,0,–,1,0,0,0,–,0,–,0,0,0,0,0,0,27,27
530,EN_M023_A01a,小突く［2］,小,突く,小突く［2］,–,M023_A01a,敵専用技,0,1,敵専用,–,突,–,敵,単体,22,1,1,0,95,0,0,0,0,20,0,筋,体,–,挑発,–,–,–,100,0,0,0,–,–,0,0,–,0,0,0,0,–,0,–,0,0,1,0,1,0,22,22
531,EN_M023_A04a,体力吸収,体力,吸収,体力吸収,–,M023_A04a,敵専用技,0,1,敵専用,–,無,–,敵,単体,19,1,2,0,100,-1,0,0,0,19,0,知,集,–,吸収回復,–,–,–,100,0,0,0,–,–,0,0,対空,0,0,0,0,–,0,–,0,0,1,1,1,0,24,24
532,EN_M023_B01a,絶叫,絶,叫,絶叫,–,M023_B01a,敵専用技,0,1,敵専用,–,–,–,敵,単体,0,1,3,0,100,0,3,3,0,0,0,技,体,–,即死,リザーブ不可,–,–,100,0,0,0,即死,–,100,0,–,0,0,0,0,–,0,–,0,1,0,0,0,0,26,26
533,EN_M023_A03a,花粉［2］,花,粉,花粉［2］,–,M023_A03a,敵専用技,0,1,敵専用,–,打,–,敵,全体,20,1,4,0,100,2,12,6,0,20,0,技,集,–,混乱,–,–,–,25,0,0,0,–,–,0,0,–,0,0,0,0,–,0,–,0,0,1,1,1,0,27,27
534,EN_M023_A02a,催眠,催,眠,催眠,–,M023_A02a,敵専用技,0,1,敵専用,–,冷,–,敵,全体,0,1,3,0,100,1,3,3,0,0,0,知,集,–,スタン,–,–,–,50,0,0,0,–,–,0,0,–,0,0,0,0,–,0,–,0,0,0,0,0,0,26,26
535,EN_M030_A01a,かみつき［2］,かみ,つき,かみつき［2］,–,M030_A01a,敵専用技,0,1,敵専用,–,突,–,敵,単体,23,1,1,0,95,1,0,0,0,21,0,筋,体,–,–,–,–,–,0,0,0,0,–,–,0,0,–,0,0,0,0,–,0,–,0,0,1,0,1,0,22,22
536,EN_M030_A04a,かみ砕き［2］,かみ,砕き,かみ砕き［2］,–,M030_A04a,敵専用技,0,1,敵専用,–,突,–,敵,単体,29,1,2,0,94,0,0,0,1,22,0,筋,体,–,–,–,–,–,0,0,0,0,–,–,0,0,–,0,0,0,0,–,0,–,0,0,1,0,1,0,24,24
537,EN_M030_A02a,毒牙［2］,毒,牙,毒牙［2］,–,M030_A02a,敵専用技,0,1,敵専用,–,突,–,敵,単体,16,1,3,0,90,1,3,3,0,16,0,筋,体,–,毒,–,–,–,75,0,0,0,–,–,0,0,–,0,0,0,0,–,0,–,0,0,1,0,1,0,26,26
538,EN_M030_A02a_Tri,トライヴェノム,トライ,ヴェノム,トライヴェノム,–,M030_A02a,敵専用技,0,1,敵専用,–,突,–,敵,単体,55,1,3,0,90,1,3,3,0,29,0,筋,体,–,毒,トライ,–,–,100,0,0,0,–,–,0,0,–,0,0,0,0,–,0,–,0,1,1,1,1,1,26,26
539,EN_M030_A03a,石化牙,石化,石化牙,石化牙,–,M030_A03a,敵専用技,0,1,敵専用,–,突,–,敵,単体,16,1,3,0,80,-1,3,3,0,16,0,筋,体,–,石化,–,–,–,50,0,0,0,–,–,0,0,–,0,0,0,0,–,0,–,0,0,1,0,1,0,26,26
540,EN_M030_A03a_Heavy,重石化牙,重石,石化,重石化牙,–,M030_A03a,敵専用技,0,1,敵専用,–,突,–,敵,単体,18,1,4,0,80,-9,4,3,0,18,0,筋,体,–,石化,–,–,–,75,0,0,0,–,–,0,0,–,0,0,1,0,–,0,–,0,0,1,1,1,0,27,27
541,EN_M030_A05a,金切り声,金切り,声,金切り声,–,M030_A05a,敵専用技,0,1,敵専用,–,無,–,敵,全体,6,1,3,0,100,4,3,3,0,6,0,知,集,–,スタン,メカスタン,–,–,50,50,0,0,–,–,0,0,対空,0,0,0,0,–,0,–,0,0,1,1,1,1,26,26
542,EN_M031_A01a,強襲牙［2］,強襲,牙,強襲牙［2］,–,M031_A01a,敵専用技,0,1,敵専用,–,突,–,敵,単体,19,1,1,0,94,1,0,0,1,19,0,筋,体,–,スタン,–,–,–,50,0,0,0,–,–,0,0,–,0,0,0,0,–,0,–,0,0,1,0,1,1,22,22
543,EN_M031_A01a_A,魁強襲牙［2］,魁,強襲牙,魁強襲牙［2］,–,M031_A01a,敵専用技,0,1,敵専用,–,突,–,敵,単体,26,1,2,0,94,6,0,0,1,22,0,筋,体,–,スタン,–,–,–,50,0,0,0,–,–,0,0,–,0,0,0,0,–,0,–,0,0,1,0,1,1,24,24
544,EN_M031_A03a,疾風強襲牙,疾風,強襲牙,疾風強襲牙,–,M031_A03a,敵専用技,0,1,敵専用,–,突,–,敵,全体,19,1,3,0,95,-2,9,5,0,19,0,筋,体,–,–,–,–,–,0,0,0,0,–,–,0,0,–,0,0,0,0,–,0,–,0,0,1,1,1,1,26,26
545,EN_M031_A03a_A,強襲追風,強襲,追風,強襲追風,–,M031_A03a,敵専用技,0,1,敵専用,–,突,–,敵,全体,16,1,2,0,95,-2,6,4,0,16,0,運,体,–,–,–,–,–,0,0,0,0,–,–,0,0,–,0,0,0,0,–,0,フォロー,100,0,1,0,0,0,29,29
546,EN_M031_A04a,ダガージョウ［2］,ダガ,ジョウ,ダガージョウ［2］,–,M031_A04a,敵専用技,0,1,敵専用,–,突,–,敵,単体,49,1,3,0,95,-1,3,3,0,27,0,運,体,–,–,–,–,–,0,0,0,0,–,–,0,0,–,0,0,0,1,–,0,チェイス,100,0,1,0,0,0,26,26
547,EN_M031_B01a,青の舞［2］,青の,舞,青の舞［2］,–,M031_B01a,敵専用技,0,1,敵専用,–,–,–,敵,全体,0,1,1,0,100,-1,0,0,0,0,0,–,–,–,術力,詠唱延長,–,–,-10,50,0,0,–,–,0,0,対地,0,0,0,0,–,0,–,0,0,0,0,0,0,23,23
548,EN_M031_A02a,吠える,吠え,吠える,吠える,–,M031_A02a,敵専用技,0,1,敵専用,–,–,–,味方,自身,0,1,1,0,100,2,0,0,0,0,0,–,–,–,すばやさ,–,–,–,8,0,0,0,–,–,0,0,対空,0,0,0,0,–,0,–,0,0,0,0,0,0,23,23
549,EN_M032_A01a,フリーズバリア［2］,フリーズ,バリア,フリーズバリア［2］,–,M032_A01a,敵専用技,0,1,敵専用,–,冷,–,敵,単体,48,1,2,0,95,-2,0,0,0,27,0,技,体,–,ガード不可,–,–,–,100,0,0,0,–,–,0,0,–,1,0,1,0,–,0,カウンター,100,0,1,0,1,0,24,6
550,EN_M032_A01a_A,フリーズスピア［2］,フリーズ,スピア,フリーズスピア［2］,–,M032_A01a,敵専用技,0,1,敵専用,–,冷,–,敵,単体,35,1,3,0,95,0,0,0,0,24,0,筋,体,–,–,–,–,–,0,0,0,0,–,–,0,0,–,0,0,1,0,–,0,–,0,0,1,0,1,0,26,26
551,EN_M032_A02a,突きあげる［2］,突き,あげる,突きあげる［2］,–,M032_A02a,敵専用技,0,1,敵専用,–,突,–,敵,単体,31,1,3,0,95,-1,3,3,0,23,0,筋,体,–,メカスタン,–,–,–,50,0,0,0,–,–,0,0,–,0,0,0,1,–,0,–,0,0,1,1,1,0,26,26
552,EN_M032_B01a,どつきまわす［2］,どつき,まわす,どつきまわす［2］,–,M032_B01a,敵専用技,0,1,敵専用,–,突,–,敵,単体,36,1,4,0,94,0,12,6,1,24,0,筋,体,–,術力,–,–,–,-30,0,0,0,–,–,0,0,–,0,0,0,0,–,0,–,0,0,1,1,1,1,27,27
553,EN_M032_B01a_A,どつき壊す,どつき,壊す,どつき壊す,–,M032_B01a,敵専用技,0,1,敵専用,–,突,–,敵,単体,40,1,5,0,94,3,15,7,1,25,0,筋,体,–,術力,–,–,–,-30,0,0,0,すばやさ,–,24,0,–,0,0,0,1,–,0,–,0,0,1,0,1,2,29,29
554,EN_M032_B03a,サンダークラップ,サンダー,クラップ,サンダークラップ,–,M032_B03a,敵専用技,0,1,敵専用,–,雷,–,敵,全体,20,1,4,0,95,2,12,6,0,20,0,知,体,–,メカスタン,–,–,–,50,0,0,0,–,–,0,0,対空,0,0,0,0,–,0,–,0,0,1,0,1,3,27,27
555,EN_M032_B02a,ぶちかまし［2］,ぶち,かまし,ぶちかまし［2］,–,M032_B02a,敵専用技,0,1,敵専用,–,打,–,敵,単体,68,1,5,0,93,-1,15,7,2,32,0,技,体,–,スタン,ガード不可,–,–,100,100,0,0,–,–,0,0,–,0,0,1,0,–,0,打インタラプト,100,0,1,0,1,0,29,10
556,EN_M032_B02a_A,力みかます,力み,かます,力みかます,–,M032_B02a,敵専用技,0,1,敵専用,–,打,–,敵,単体,51,1,6,0,93,-3,18,8,2,28,0,体,体,–,スタン,–,–,–,100,0,0,0,攻撃力,–,20,0,–,0,0,1,0,–,0,–,0,0,1,3,1,0,31,31
557,EN_M040_A01a,ハンマーボール［2］,ハンマー,ボール,ハンマーボール［2］,–,M040_A01a,敵専用技,0,1,敵専用,–,打,–,敵,単体,20,1,1,0,95,2,0,0,0,20,0,筋,体,–,スタン,–,–,–,25,0,0,0,–,–,0,0,–,0,0,0,1,–,0,–,0,0,1,0,1,0,22,22
558,EN_M040_A01a_A,ショックレスハンマー,ショック,ハンマー,ショックレスハンマー,–,M040_A01a,敵専用技,0,1,敵専用,–,打,–,敵,単体,18,1,1,0,95,3,0,0,0,18,0,筋,体,–,–,–,–,–,0,0,0,0,–,–,0,0,–,0,0,0,1,–,0,–,0,0,1,0,1,3,38,38
559,EN_M040_A02a,ウェルカムダンス［1］,ウェルカム,ダンス,ウェルカムダンス［1］,–,M040_A02a,敵専用技,0,1,敵専用,–,–,–,味方,自身,0,1,2,0,100,-3,2,2,0,0,0,–,–,–,召喚,カエル戦士,–,–,1,1,0,0,–,–,0,0,–,0,0,0,0,–,0,–,0,0,0,0,0,0,24,24
560,EN_M040_A02a_A,ウェルカムダンス［2］,ウェルカム,ダンス,ウェルカムダンス［2］,–,M040_A02a,敵専用技,0,1,敵専用,–,–,–,味方,自身,0,1,2,0,100,-3,2,2,0,0,0,–,–,–,召喚,カエル戦士,–,–,1,4,0,0,–,–,0,0,–,0,0,0,0,–,0,–,0,0,0,0,0,0,24,24
561,EN_M040_A05a_A,サモンダンス,サモン,ダンス,サモンダンス,–,M040_A05a,敵専用技,0,1,敵専用,–,–,–,味方,自身,0,1,2,0,100,-3,2,2,0,0,0,–,–,–,召喚,カエル戦士,–,–,2,4,0,0,–,–,0,0,–,0,0,0,0,–,0,–,0,0,0,0,0,0,24,24
562,EN_M040_A03a,カウンターキック［2］,カウンター,キック,カウンターキック［2］,–,M040_A03a,敵専用技,0,1,敵専用,–,打,–,敵,単体,59,1,3,0,95,0,3,3,0,30,0,技,体,–,ガード不可,–,–,–,100,0,0,0,–,–,0,0,–,1,0,1,0,–,0,カウンター,100,0,1,0,1,0,26,7
563,EN_M040_A03a_A,フォローキック,フォロー,キック,フォローキック,–,M040_A03a,敵専用技,0,1,敵専用,–,打,–,敵,他者,20,1,1,0,95,-4,1,2,0,20,0,運,体,–,–,–,–,–,0,0,0,0,–,–,0,0,–,0,0,1,0,–,0,フォロー,100,0,1,0,0,0,37,37
564,EN_M040_A04a,カエルコンボ［2］,カエル,コンボ,カエルコンボ［2］,–,M040_A04a,敵専用技,0,1,敵専用,–,打,–,敵,単体,25,1,2,0,94,1,0,0,1,21,0,筋,体,–,スタン,–,–,–,50,0,0,0,–,–,0,0,–,0,0,0,0,–,0,–,0,0,1,1,1,1,24,24
565,EN_M040_A04a_A,カエルパニック,カエル,パニック,カエルパニック,–,M040_A04b,敵専用技,0,1,敵専用,–,打,–,敵,単体,23,1,2,0,95,1,0,0,0,21,0,筋,体,–,混乱,–,–,–,75,0,0,0,–,–,0,0,–,0,0,0,0,–,0,–,0,0,1,1,1,1,24,24
566,EN_M040_B01a,カエルレイン,カエル,レイン,カエルレイン,–,M040_B01a,敵専用技,0,1,敵専用,–,冷,–,敵,全体,19,1,3,0,95,-2,3,3,0,19,0,知,集,–,–,–,–,–,0,0,0,0,–,–,0,0,対空,0,0,0,0,–,0,–,0,0,1,1,1,0,26,26
567,EN_M040_B02a,サイクロンスクィーズ［2］,サイクロン,スクィーズ,サイクロンスクィーズ［2］,–,M040_B02a,敵専用技,0,1,敵専用,–,冷,–,敵,単体,50,1,5,0,95,0,15,7,0,28,0,知,体,–,スタン,–,–,–,100,0,0,0,–,–,0,0,–,0,0,0,0,–,1,–,0,0,1,2,1,2,29,29
568,EN_M041_A02a,触手［2］,触,手,触手［2］,–,M041_A02a,敵専用技,0,1,敵専用,–,打,–,敵,単体,34,1,3,0,95,0,0,0,0,24,0,筋,体,–,–,–,–,–,0,0,0,0,–,–,0,0,–,0,0,0,0,–,0,–,0,0,1,1,1,1,26,26
569,EN_M041_A02a_A,うごめく触手,うごめく,触手,うごめく触手,–,M041_A02a,敵専用技,0,1,敵専用,–,打,–,敵,単体,37,1,4,0,95,-3,0,0,0,24,0,筋,体,–,–,–,–,–,0,0,0,0,攻撃力,–,20,0,–,0,0,1,0,–,0,–,0,0,1,2,1,0,27,27
570,EN_M041_A01a,うごめく,うご,めく,うごめく,–,M041_A01a,敵専用技,0,1,敵専用,–,–,–,味方,自身,0,1,1,0,100,-4,0,0,0,0,0,–,–,–,攻撃力,–,–,–,20,0,0,0,–,–,0,0,–,0,0,1,0,–,0,–,0,0,0,0,0,0,23,23
571,EN_M041_B02a,メイルシュトローム,メイル,ローム,メイルシュトローム,–,M041_B02a,敵専用技,0,1,敵専用,–,冷,–,敵,後方,29,1,3,0,100,2,9,5,2,22,0,知,集,–,即死,範囲バンプ,–,–,15,100,0,0,–,–,0,0,–,1,0,0,0,–,1,–,0,0,1,0,1,4,26,26
572,EN_M041_B02a_A,洗い流す,洗い,流す,洗い流す,–,M041_B02a,敵専用技,0,1,敵専用,–,冷,–,敵,後方,25,1,3,0,100,4,9,5,2,21,0,知,集,–,すばやさ,攻撃力,防御力,範囲バンプ,-8,-10,-10,100,–,–,0,0,–,1,0,0,0,–,1,–,0,0,1,0,1,6,26,26
573,EN_M041_B01a,墨［2］,墨,墨,墨［2］,–,M041_B01a,敵専用技,0,1,敵専用,–,突,冷,敵,乱撃,37,3,3,0,95,1,3,3,0,8,0,知,体,–,暗闇,–,–,–,75,0,0,0,–,–,0,0,対空,0,0,0,0,–,1,–,0,0,1,0,1,1,26,26
574,EN_M041_B01a_A,墨臭い［2］,墨,臭い,墨臭い［2］,–,M041_B01a,敵専用技,0,1,敵専用,–,突,冷,敵,乱撃,31,3,3,0,95,1,3,3,0,8,0,知,体,–,暗闇,悪臭,–,–,75,75,0,0,–,–,0,0,対空,0,0,0,0,–,1,–,0,0,1,0,1,1,26,26
575,EN_M041_B03a,タイガーランページ［2］,タイ,ページ,タイガーランページ［2］,–,M041_B03a,敵専用技,0,1,敵専用,–,打,熱,敵,乱撃,64,6,6,0,95,-3,18,8,0,5,0,筋,体,–,–,–,–,–,0,0,0,0,–,–,0,0,–,0,0,1,0,–,0,–,0,0,1,2,1,1,31,31
576,EN_M042_A02a,ついばみ［2］,つい,ばみ,ついばみ［2］,–,M042_A02a,敵専用技,0,1,敵専用,–,突,–,敵,単体,29,1,2,0,94,1,2,2,1,22,0,筋,体,–,–,–,–,–,0,0,0,0,–,–,0,0,–,0,0,0,0,–,0,–,0,0,1,0,1,0,24,24
577,EN_M042_A02a_A,石ついばみ,石,ついばみ,石ついばみ,–,M042_A02b,敵専用技,0,1,敵専用,–,突,–,敵,単体,29,1,2,0,94,-1,2,2,1,22,0,筋,体,–,石化,–,–,–,25,0,0,0,–,–,0,0,–,0,0,1,0,–,0,–,0,0,1,1,1,0,24,24
578,EN_M042_A03a,スポットブレス［2］,スポット,ブレス,スポットブレス［2］,–,M042_A03a,敵専用技,0,1,敵専用,–,冷,–,敵,単体,41,1,4,0,95,3,12,6,0,25,0,知,集,–,–,–,–,–,0,0,0,0,–,–,0,0,–,0,0,0,0,–,1,–,0,0,1,0,1,1,27,27
579,EN_M042_A05a,ショックウェイヴ［1］,ショック,ウェイヴ,ショックウェイヴ［1］,–,M042_A05a,敵専用技,0,1,敵専用,–,雷,–,敵,全体,26,1,5,0,95,-1,15,7,0,22,0,知,集,–,詠唱延長,–,–,–,50,0,0,0,–,–,0,0,対地,0,0,1,0,–,0,–,0,0,1,1,1,0,29,29
580,EN_M042_A01a,スメルブレス［2］,スメル,ブレス,スメルブレス［2］,–,M042_A01a,敵専用技,0,1,敵専用,–,無,–,敵,単体,20,1,3,0,95,1,3,3,0,20,0,知,体,–,悪臭,–,–,–,75,0,0,0,–,–,0,0,–,0,0,0,0,–,0,–,0,0,1,0,1,1,26,26
581,EN_M042_A04a,ペインフルバイト［2］,ペイ,バイト,ペインフルバイト［2］,–,M042_A04a,敵専用技,0,1,敵専用,–,突,–,敵,単体,38,1,4,0,95,2,12,6,0,24,0,技,体,–,スタン,–,–,–,75,0,0,0,–,–,0,0,–,0,0,0,1,–,0,–,0,0,1,0,1,0,27,27
582,EN_M042_A04a_Tri,トライバイト,トライ,バイト,トライバイト,–,M042_A04a,敵専用技,0,1,敵専用,–,突,–,敵,単体,53,1,3,0,95,2,9,5,0,28,0,技,体,–,スタン,トライ,–,–,100,0,0,0,–,–,0,0,–,0,0,0,1,–,0,–,0,1,1,1,1,1,26,26
583,EN_M042_A06a,石化ガス,石化,ガス,石化ガス,–,M042_A06a,敵専用技,0,1,敵専用,–,雷,–,敵,単体,38,1,5,0,100,-1,15,7,0,24,0,知,集,–,石化,–,–,–,100,0,0,0,–,–,0,0,–,0,0,1,0,–,1,–,0,0,1,1,1,0,29,29
584,EN_M050_A02a,ゼラチナスバリア,ゼラチナ,バリア,ゼラチナスバリア,–,M050_A02a,敵専用技,0,1,敵専用,–,–,–,味方,自身,0,1,2,0,0,2,0,0,0,0,0,–,–,–,防御力,–,–,–,30,0,0,0,–,–,0,0,–,0,0,0,0,–,0,–,0,0,0,0,0,0,24,24
585,EN_M050_A06a,粘液［2］,粘,液,粘液［2］,–,M050_A06a,敵専用技,0,1,敵専用,–,無,–,敵,単体,18,1,2,0,95,1,0,0,0,18,0,知,集,–,悪臭,–,–,–,75,0,0,0,–,–,0,0,–,0,0,0,0,–,1,–,0,0,1,0,1,0,24,24
586,EN_M050_B01a,アシッドスプレー,アシ,スプレー,アシッドスプレー,–,M050_B01a,敵専用技,0,1,敵専用,–,熱,–,敵,全体,19,1,3,0,95,1,3,3,0,19,0,知,集,–,–,–,–,–,0,0,0,0,–,–,0,0,–,0,0,0,0,–,0,–,0,0,1,0,1,1,26,26
587,EN_M050_B01a_A,アシッドジャンクション,アシ,クション,アシッドジャンクション,–,M050_B01a,敵専用技,0,1,敵専用,–,熱,–,敵,全体,16,1,2,0,95,1,2,2,0,16,0,知,集,–,–,–,–,–,0,0,0,0,–,–,0,0,–,0,0,0,0,–,0,フォロー,100,0,1,0,0,0,24,24
588,EN_M050_B02a,スコール［2］,スコ,ール,スコール［2］,–,M050_B02a,敵専用技,0,1,敵専用,–,冷,–,敵,全体,22,1,4,0,95,0,12,6,0,20,0,知,集,–,–,–,–,–,0,0,0,0,–,–,0,0,–,1,0,0,0,–,0,–,0,0,1,1,1,1,27,27
589,EN_M050_B03a,電撃,電,電撃,電撃,–,M050_B03a,敵専用技,0,1,敵専用,–,雷,–,敵,全体,16,1,3,0,95,-1,3,3,0,16,0,知,集,–,マヒ,メカマヒ,–,–,25,25,0,0,–,–,0,0,対空,0,0,0,0,–,0,–,0,0,1,2,1,0,26,26
590,EN_M051_A01a,溶かす［2］,溶,かす,溶かす［2］,–,M051_A01a,敵専用技,0,1,敵専用,–,無,–,敵,単体,20,1,2,0,95,-2,0,0,0,20,0,知,集,–,防御力,–,–,–,-10,0,0,0,–,–,0,0,–,0,0,0,0,–,0,–,0,0,1,0,1,0,24,24
591,EN_M051_A03a,毒霧［1］,毒,霧,毒霧［1］,–,M051_A03a,敵専用技,0,1,敵専用,–,冷,–,敵,全体,16,1,3,0,95,1,0,0,0,16,0,知,集,–,毒,–,–,–,50,0,0,0,–,–,0,0,–,0,0,0,0,–,0,–,0,0,1,0,1,1,26,26
592,EN_M051_A02a,サイコブラスト,サイコ,ブラスト,サイコブラスト,–,M051_A02a,敵専用技,0,1,敵専用,–,無,–,敵,全体,17,1,4,0,95,0,4,3,0,17,0,知,集,–,術力,–,–,–,-10,0,0,0,–,–,0,0,–,0,0,0,0,–,0,–,0,0,1,1,1,1,27,27
593,EN_M051_B01a,マヒパンチ［2］,マヒ,パンチ,マヒパンチ［2］,–,M051_B01a,敵専用技,0,1,敵専用,–,打,–,敵,単体,37,1,4,0,95,-1,0,0,0,24,0,筋,体,–,マヒ,メカマヒ,–,–,75,50,0,0,–,–,0,0,–,0,0,0,0,–,0,–,0,0,1,0,1,0,27,27
594,EN_M051_B02a,不意打ち［2］,不意,打ち,不意打ち［2］,–,M051_B02a,敵専用技,0,1,敵専用,–,斬,–,敵,単体,50,1,4,0,94,-2,4,3,1,28,0,運,体,–,即死,–,–,–,75,0,0,0,–,–,0,0,–,0,0,0,0,–,0,チェイス,100,0,1,0,0,0,27,27
595,EN_M052_A01a,体当たり［2］,体,当たり,体当たり［2］,–,M052_A01a,敵専用技,0,1,敵専用,–,打,–,敵,単体,27,1,2,0,94,0,0,0,1,22,0,体,体,–,–,–,–,–,0,0,0,0,–,–,0,0,–,0,0,1,0,–,0,–,0,0,1,1,1,1,23,23
596,EN_M052_A02a,地響き,地,響き,地響き,–,M052_A02a,敵専用技,0,1,敵専用,–,打,–,敵,全体,16,1,3,0,100,2,0,0,0,16,0,知,体,–,スタン,メカスタン,–,–,100,100,0,0,–,–,0,0,対地,0,0,0,0,–,0,–,0,0,1,1,1,2,26,26
597,EN_M052_A02a_A,地響きカウンター,地響き,カウンター,地響きカウンター,–,M052_A02a,敵専用技,0,1,敵専用,–,打,–,敵,全体,30,1,3,0,100,2,0,0,0,22,0,知,体,–,スタン,メカスタン,ガード不可,–,100,100,100,0,–,–,0,0,対地,1,0,0,0,–,0,カウンター,100,0,1,0,1,0,26,7
598,EN_M052_B01a,インタラプトフレア,インタ,フレア,インタラプトフレア,–,M052_B01a,敵専用技,0,1,敵専用,–,熱,–,敵,単体,63,1,4,0,95,0,4,3,0,31,0,知,集,–,ガード不可,術扱い,–,–,100,0,0,0,–,–,0,0,–,1,0,1,0,–,1,打インタラプト,100,0,1,0,1,0,27,9
599,EN_M052_B01a_A,フレア,フレ,フレア,フレア,–,M052_B01a,敵専用技,0,1,敵専用,–,熱,–,敵,単体,54,1,4,0,95,0,4,3,0,28,0,知,集,–,ガード不可,術扱い,–,–,100,0,0,0,–,–,0,0,–,1,0,1,0,–,1,–,0,0,1,2,1,2,27,27
600,EN_M052_B02a,七支刀［2］,七,七支刀,七支刀［2］,–,M052_B02a,敵専用技,0,1,敵専用,–,斬,–,敵,乱撃,72,7,7,0,95,1,0,0,0,5,0,筋,体,–,–,–,–,–,0,0,0,0,–,–,0,0,–,0,0,0,0,–,0,–,0,0,1,3,1,3,32,32
601,EN_M052_B02a_A,突っぱね七支刀,突っぱね,突っぱね,突っぱね七支刀,–,M052_B02a,敵専用技,0,1,敵専用,–,斬,–,敵,乱撃,121,7,7,0,95,1,0,0,0,6,0,技,体,–,ガード不可,–,–,–,100,0,0,0,–,–,0,0,–,0,0,0,0,–,0,突インタラプト,100,0,1,0,1,0,32,13
602,EN_M070_A01a,転がる［2］,転,転がる,転がる［2］,–,M070_A01a,敵専用技,0,1,敵専用,–,打,–,敵,単体,23,1,1,0,95,0,0,0,0,21,0,体,体,–,–,–,–,–,0,0,0,0,–,–,0,0,対地,0,0,1,0,–,0,–,0,0,1,0,1,1,22,22
603,EN_M070_A02a,針［2］,針,針,針［2］,–,M070_A02a,敵専用技,0,1,敵専用,–,突,–,敵,単体,26,1,2,0,95,1,0,0,0,22,0,筋,体,–,スタン,–,–,–,75,0,0,0,–,–,0,0,–,0,0,0,0,–,0,–,0,0,1,0,1,0,24,24
604,EN_M070_A03a,ゴロゴロアタック［2］,ゴロゴロ,アタック,ゴロゴロアタック［2］,–,M070_A03a,敵専用技,0,1,敵専用,–,打,–,敵,単体,41,1,4,0,94,0,0,0,1,25,0,体,体,–,メカスタン,–,–,–,50,0,0,0,–,–,0,0,対地,0,0,0,0,–,0,–,0,0,1,1,1,1,27,27
605,EN_M070_A04a,ハイドアタック［2］,ハイ,アタック,ハイドアタック［2］,–,M070_A04a,敵専用技,0,1,敵専用,–,打,–,敵,単体,49,1,3,0,94,-1,3,3,1,27,0,運,体,–,–,–,–,–,0,0,0,0,–,–,0,0,–,0,0,0,1,–,0,チェイス,100,0,1,0,0,0,26,26
606,EN_M070_B01a,ワイルドドライブ,ワイ,ドライブ,ワイルドドライブ,–,M070_B01a,敵専用技,0,1,敵専用,–,打,–,敵,全体,20,1,3,0,95,0,3,3,0,20,0,体,体,–,–,–,–,–,0,0,0,0,–,–,0,0,対地,0,0,0,0,–,0,–,0,0,1,1,1,1,26,26
607,EN_M070_B02a,フンコロガシ,フン,コロガシ,フンコロガシ,–,M070_B02a,敵専用技,0,1,敵専用,–,熱,–,敵,全体,16,1,3,0,95,1,3,3,0,16,0,知,体,–,悪臭,–,–,–,50,0,0,0,–,–,0,0,–,0,0,0,0,–,0,–,0,0,1,1,1,1,26,26
608,EN_M071_A01a,食べる,食べ,食べる,食べる,–,M071_A01a,敵専用技,0,1,敵専用,–,–,–,味方,他者,20,1,1,0,100,5,0,0,0,0,0,–,–,–,捕食,–,–,–,100,0,0,0,防御力,–,20,0,–,1,0,0,0,–,0,–,0,0,0,0,0,0,23,23
609,EN_M071_A02a,スラッシュ［2］,スラ,ッシュ,スラッシュ［2］,–,M071_A02a,敵専用技,0,1,敵専用,–,斬,–,敵,単体,27,1,2,0,95,0,0,0,0,22,0,筋,体,–,–,–,–,–,0,0,0,0,–,–,0,0,–,0,0,1,0,–,0,–,0,0,1,1,1,0,24,24
610,EN_M071_A03a,レッグブレイカー［2］,レッグ,ブレイカー,レッグブレイカー［2］,–,M071_A03a,敵専用技,0,1,敵専用,–,突,–,敵,単体,31,1,3,0,95,1,0,0,0,23,0,筋,体,–,すばやさ,–,–,–,-8,0,0,0,–,–,0,0,–,0,0,0,0,–,0,–,0,0,1,0,1,2,26,26
611,EN_M071_B01a,滅多刺し［2］,滅多,刺し,滅多刺し［2］,–,M071_B01a,敵専用技,0,1,敵専用,–,突,–,敵,全体,23,1,5,0,95,0,15,7,0,21,0,筋,体,–,攻撃力,–,–,–,-10,0,0,0,–,–,0,0,–,0,0,0,0,–,0,–,0,0,1,2,1,2,29,29
612,EN_M071_A04a,インタラプトスタブ,インタ,スタブ,インタラプトスタブ,–,M071_A04a,敵専用技,0,1,敵専用,–,突,–,敵,全体,31,1,4,0,95,-1,4,3,0,23,0,技,体,–,攻撃力,ガード不可,–,–,-10,100,0,0,–,–,0,0,–,0,0,1,0,–,0,突インタラプト,100,0,1,0,1,0,27,9
613,EN_M072_A01a,音速剣［2］,音速,剣,音速剣［2］,–,M072_A01a,敵専用技,0,1,敵専用,–,斬,–,敵,単体,22,1,1,0,95,4,0,0,0,20,0,技,体,–,–,–,–,–,0,0,0,0,–,–,0,0,対空,0,0,0,0,–,1,–,0,0,1,0,1,0,22,22
614,EN_M072_A01a_Tri,トライソニック,トライ,ソニック,トライソニック,–,M072_A01a,敵専用技,0,1,敵専用,–,斬,–,敵,単体,61,1,3,0,95,4,6,4,0,30,0,技,体,–,トライ,–,–,–,0,0,0,0,–,–,0,0,対空,0,0,0,0,–,1,–,0,1,1,1,1,1,26,26
615,EN_M072_A02a,つむじ風,つむじ,風,つむじ風,–,M072_A02a,敵専用技,0,1,敵専用,–,斬,–,敵,後方,26,1,2,0,94,2,0,0,1,22,0,技,体,–,範囲バンプ,–,–,–,100,0,0,0,–,–,0,0,–,0,0,0,0,–,0,–,0,0,1,0,1,0,24,24
616,EN_M072_B02a,スウォーム,スウ,ーム,スウォーム,–,M072_B02a,敵専用技,0,1,敵専用,–,突,–,敵,全体,20,1,4,0,95,0,4,3,0,20,0,知,体,–,BP,–,–,–,-1,0,0,0,–,–,0,0,–,0,0,0,0,–,0,–,0,0,1,1,1,1,27,27
617,EN_M072_B03a,地獄爪殺法［2］,地獄爪,殺法,地獄爪殺法［2］,–,M072_B03a,敵専用技,0,1,敵専用,–,斬,–,敵,単体,45,1,3,0,95,-1,3,3,0,26,0,技,体,–,毒,ガード不可,–,–,100,100,0,0,–,–,0,0,–,0,0,1,0,–,0,斬インタラプト,100,0,1,0,1,0,26,7
618,EN_M072_B03a_A,地獄爪［2］,地獄,爪,地獄爪［2］,–,M072_B03a,敵専用技,0,1,敵専用,–,斬,–,敵,単体,23,1,3,0,95,1,0,0,0,21,0,技,体,–,毒,–,–,–,75,0,0,0,–,–,0,0,–,0,0,0,0,–,0,–,0,0,1,1,1,0,26,26
619,EN_M072_B01a,死神のカマ［2］,死神の,カマ,死神のカマ［2］,–,M072_B01a,敵専用技,0,1,敵専用,–,斬,–,敵,単体,37,1,4,0,95,-1,12,6,0,24,0,筋,体,–,即死,–,–,–,30,0,0,0,–,–,0,0,–,0,0,0,0,–,0,–,0,0,1,0,1,0,27,27
620,EN_M080_A06a,狂騒,狂,騒,狂騒,–,M080_A06a,敵専用技,0,1,敵専用,–,無,–,敵,全体,0,1,1,0,100,-5,0,0,0,0,0,–,–,–,挑発,–,–,–,100,0,0,0,–,–,0,0,対空,0,0,1,0,–,0,–,0,0,0,0,0,0,23,23
621,EN_M080_A02a,バードソング,バード,ソング,バードソング,–,M080_A02a,敵専用技,0,1,敵専用,–,無,–,敵,全体,0,1,1,0,100,0,0,0,0,0,0,–,–,–,すばやさ,術力,–,–,-8,-10,0,0,–,–,0,0,対空,0,0,0,0,–,0,–,0,0,0,0,0,0,23,23
622,EN_M080_A01a,カギ爪［2］,カギ,爪,カギ爪［2］,–,M080_A01a,敵専用技,0,1,敵専用,–,斬,–,敵,単体,21,1,1,0,95,-1,0,0,0,20,0,筋,体,–,–,–,–,–,0,0,0,0,–,–,0,0,対空,0,0,0,0,–,0,–,0,0,1,1,1,0,22,22
623,EN_M080_A05a,目つぶし［2］,目,つぶし,目つぶし［2］,–,M080_A05a,敵専用技,0,1,敵専用,–,突,–,敵,単体,25,1,2,0,95,1,0,0,0,21,0,筋,体,–,暗闇,–,–,–,75,0,0,0,–,–,0,0,対空,0,0,0,0,–,0,–,0,0,1,0,1,0,24,24
624,EN_M080_A04a,急降下［2］,急,降下,急降下［2］,–,M080_A04a,敵専用技,0,1,敵専用,–,突,–,敵,単体,33,1,3,0,84,2,3,3,1,23,0,体,体,–,スタン,–,–,–,75,0,0,0,–,–,0,0,対空,0,0,0,0,–,0,–,0,0,1,0,1,1,26,26
625,EN_M080_A03a,フェザーショット［2］,フェザー,ショット,フェザーショット［2］,–,M080_A03a,敵専用技,0,1,敵専用,–,突,–,敵,単体,33,1,3,0,95,0,3,3,0,23,0,知,体,–,–,–,–,–,0,0,0,0,–,–,0,0,対空,0,0,0,0,–,1,–,0,0,1,1,1,1,26,26
626,EN_M081_A01a,顔面タックル［2］,顔面,タックル,顔面タックル［2］,–,M081_A01a,敵専用技,0,1,敵専用,–,打,–,敵,単体,19,1,1,0,94,0,0,0,1,19,0,体,体,–,メカスタン,–,–,–,50,0,0,0,–,–,0,0,対空,0,0,0,0,–,0,–,0,0,1,1,1,0,22,22
627,EN_M081_A01a_A,クタバレ、アホヅラ！［2］,クタバレ、,アホヅラ！,クタバレ、アホヅラ！［2］,–,M081_A01a,敵専用技,0,1,敵専用,–,打,–,敵,単体,19,1,1,0,94,1,0,0,1,19,0,体,体,–,メカスタン,–,–,–,50,0,0,0,–,–,0,0,対空,0,0,0,0,–,0,–,0,0,1,1,1,0,23,23
628,EN_M081_A05a,ビッグマウス［2］,ビッグ,マウス,ビッグマウス［2］,–,M081_A05a,敵専用技,0,1,敵専用,–,突,–,敵,単体,16,1,1,0,95,0,0,0,0,16,0,筋,体,–,悪臭,–,–,–,100,0,0,0,–,–,0,0,対空,0,0,0,0,–,0,–,0,0,1,0,1,1,23,23
629,EN_M081_A05a_A,ジゴクヘ、イキナァ！［2］,ジゴクヘ、,イキナァ！,ジゴクヘ、イキナァ！［2］,–,M081_A05a,敵専用技,0,1,敵専用,–,突,–,敵,単体,16,1,1,0,95,1,0,0,0,16,0,筋,体,–,悪臭,–,–,–,100,0,0,0,–,–,0,0,対空,0,0,0,0,–,0,–,0,0,1,0,1,1,23,23
630,EN_M081_A02a,衝撃波,衝撃,衝撃波,衝撃波,–,M081_A02a,敵専用技,0,1,敵専用,–,雷,–,敵,全体,12,1,2,0,100,1,0,0,0,12,0,知,集,–,スタン,メカスタン,–,–,50,50,0,0,–,–,0,0,対空,0,0,0,0,–,0,–,0,0,1,1,1,1,24,24
631,EN_M081_A04a,カマイタチ,カマ,イタチ,カマイタチ,–,M081_A04a,敵専用技,0,1,敵専用,–,斬,–,敵,全体,15,1,2,0,95,0,0,0,0,15,0,技,体,–,–,–,–,–,0,0,0,0,–,–,0,0,対空,0,0,0,0,–,0,–,0,0,1,1,1,1,24,24
632,EN_M081_A04a_A,サッサト、イッチマエ！,サッサト、,チマエ！,サッサト、イッチマエ！,–,M081_A04a,敵専用技,0,1,敵専用,–,斬,–,敵,全体,15,1,2,0,95,-1,0,0,0,15,0,技,体,–,–,–,–,–,0,0,0,0,–,–,0,0,対空,0,0,0,0,–,0,–,0,0,1,1,1,1,24,24
633,EN_M081_A06a,テラーボイス,テラー,ボイス,テラーボイス,–,M081_A06a,敵専用技,0,1,敵専用,–,–,–,敵,全体,0,1,3,0,100,-1,3,3,0,0,0,–,–,–,混乱,–,–,–,50,0,0,0,–,–,0,0,対空,0,0,0,0,–,0,–,0,0,0,0,0,0,26,26
634,EN_M081_A03a,超音波［2］,超,音波,超音波［2］,–,M081_A03a,敵専用技,0,1,敵専用,–,無,–,敵,単体,28,1,3,0,100,0,3,3,0,22,0,知,集,–,–,–,–,–,0,0,0,0,–,–,0,0,対空,0,0,0,0,–,1,–,0,0,1,0,1,0,26,26
635,EN_M081_A03a_A,ホンキヲミセテヤロウ！［2］,ホンキヲ,ヤロウ！,ホンキヲミセテヤロウ！［2］,–,M081_A03a,敵専用技,0,1,敵専用,–,無,–,敵,単体,28,1,3,0,100,-1,3,3,0,22,0,知,集,–,–,–,–,–,0,0,0,0,–,–,0,0,対空,0,0,0,0,–,1,–,0,0,1,0,1,0,26,26
636,EN_M081_A03a_Tri,トライロアー,トライ,ロアー,トライロアー,–,M081_A03a,敵専用技,0,1,敵専用,–,無,–,敵,単体,47,1,3,0,100,0,3,3,0,27,0,知,集,–,トライ,–,–,–,0,0,0,0,–,–,0,0,対空,0,0,0,0,–,1,–,0,1,1,1,1,1,26,26
637,EN_M082_A03a,インタラプトタックル［2］,インタ,タックル,インタラプトタックル［2］,–,M082_A03a,敵専用技,0,1,敵専用,–,打,–,敵,単体,41,1,2,0,95,-2,0,0,0,25,0,技,体,–,ガード不可,–,–,–,100,0,0,0,–,–,0,0,対空,0,0,1,0,–,0,斬インタラプト,100,0,1,0,1,0,24,6
638,EN_M082_A05a,インタラプトビーク,インタ,ビーク,インタラプトビーク,–,M082_A05a,敵専用技,0,1,敵専用,–,突,–,敵,全体,27,1,3,0,95,1,0,0,0,22,0,技,体,–,ガード不可,–,–,–,100,0,0,0,–,–,0,0,対空,0,0,1,0,–,0,打インタラプト,100,0,1,0,1,0,26,7
639,EN_M082_A02a,つつく［2］,つつ,つつく,つつく［2］,–,M082_A02a,敵専用技,0,1,敵専用,–,突,–,敵,単体,22,1,1,0,95,0,0,0,0,20,0,筋,体,–,–,–,–,–,0,0,0,0,–,–,0,0,対空,0,0,0,0,–,0,–,0,0,1,0,1,0,22,22
640,EN_M082_A02a_A,ちょっかい,ちょっ,かい,ちょっかい,–,M082_A02a,敵専用技,0,1,敵専用,–,突,–,敵,単体,18,1,1,0,15,0,0,0,0,18,0,筋,体,–,–,–,–,–,0,0,0,0,–,–,0,0,対空,0,0,1,0,–,0,–,0,0,1,0,1,0,31,31
641,EN_M082_A04a,バットストライク,バット,ストライク,バットストライク,–,M082_A04a,敵専用技,0,1,敵専用,–,斬,–,敵,全体,14,1,2,0,75,1,0,0,0,14,0,筋,体,–,–,–,–,–,0,0,0,0,–,–,0,0,対空,0,0,0,0,–,0,–,0,0,1,0,1,1,24,24
642,EN_M082_A01a,怪音波,怪,音波,怪音波,–,M082_A01a,敵専用技,0,1,敵専用,–,無,–,敵,全体,24,1,4,0,100,-2,4,3,0,21,0,知,集,–,混乱,ガード不可,–,–,50,100,0,0,–,–,0,0,対空,0,0,1,0,–,0,突インタラプト,100,0,1,0,1,0,27,9
643,EN_M090_A04a,ブラスター［2］,ブラ,スター,ブラスター［2］,–,M090_A04a,敵専用技,0,1,敵専用,–,雷,–,敵,単体,26,1,2,0,95,0,0,0,0,22,0,知,集,–,–,–,–,–,0,0,0,0,–,–,0,0,対空,0,0,1,0,–,1,–,0,0,1,0,1,1,24,24
644,EN_M090_A04a_A,ブラスター［3］,ブラ,スター,ブラスター［3］,–,M090_A04a,敵専用技,0,1,敵専用,–,雷,–,敵,単体,8,1,1,0,95,0,0,0,0,8,0,知,集,–,–,–,–,–,0,0,0,0,–,–,0,0,対空,0,0,1,0,–,1,–,0,0,1,0,1,2,38,38
645,EN_M090_A04a_Chase,チェイスブラスター,チェイス,ブラスター,チェイスブラスター,–,M090_A04a,敵専用技,0,1,敵専用,–,雷,–,敵,単体,14,1,1,0,95,0,0,0,0,14,0,知,集,–,–,–,–,–,0,0,0,0,–,–,0,0,対空,0,0,1,0,–,1,チェイス,100,0,1,0,0,0,22,22
646,EN_M090_A06a,スプレッドブラスター,スプレッド,ブラスター,スプレッドブラスター,–,M090_A06a,敵専用技,0,1,敵専用,–,雷,–,敵,全体,18,1,3,0,95,-2,3,3,0,18,0,知,集,–,–,–,–,–,0,0,0,0,–,–,0,0,対空,0,0,0,0,–,0,–,0,0,1,1,1,1,26,26
647,EN_M090_A06a_Follow,フォロースプレッド,フォロー,スプレッド,フォロースプレッド,–,M090_A06a,敵専用技,0,1,敵専用,–,雷,–,敵,全体,5,1,1,0,95,-2,1,2,0,5,0,知,集,–,–,–,–,–,0,0,0,0,–,–,0,0,対空,0,0,0,0,–,0,フォロー,100,0,1,0,0,0,38,38
648,EN_M090_A01a,精霊の法力［2］,精霊の,法力,精霊の法力［2］,–,M090_A01a,敵専用技,0,1,敵専用,–,–,–,味方,単体,0,1,1,0,100,0,0,0,0,0,0,–,–,–,詠唱短縮,–,–,–,100,0,0,0,–,–,0,0,対空,0,0,0,0,–,0,–,0,0,0,0,0,0,23,23
649,EN_M090_A02a,精霊の支持［2］,精霊の,支持,精霊の支持［2］,–,M090_A02a,敵専用技,0,1,敵専用,–,–,–,味方,単体,0,1,1,0,100,2,0,0,0,0,0,–,–,–,術力,–,–,–,20,0,0,0,–,–,0,0,対空,0,0,0,0,–,0,–,0,0,0,0,0,0,23,23
650,EN_M090_A05a,精霊の加護,精霊の,加護,精霊の加護,–,M090_A05a,敵専用技,0,1,敵専用,–,–,–,味方,全体,0,1,1,0,100,1,0,0,0,0,0,–,–,–,術力,–,–,–,10,0,0,0,–,–,0,0,対空,0,0,0,0,–,0,–,0,0,0,0,0,0,23,23
651,EN_M090_A03a,召喚［1］,召,召喚,召喚［1］,–,M090_A03a,敵専用技,0,1,敵専用,–,–,–,味方,自身,0,1,3,0,100,-1,3,3,0,0,0,–,–,–,召喚,エレメンタル金,–,–,1,0,0,0,–,–,0,0,–,0,0,0,0,–,0,–,0,0,0,0,0,0,26,26
652,EN_M090_A03a_Sui,召喚［2］,召,召喚,召喚［2］,–,M090_A03a,敵専用技,0,1,敵専用,–,–,–,味方,自身,0,1,3,0,100,-1,3,3,0,0,0,–,–,–,召喚,エレメンタル金,–,–,1,6,0,0,–,–,0,0,–,0,0,0,0,–,0,–,0,0,0,0,0,0,26,26
653,EN_M090_A03a_Ka,召喚［3］,召,召喚,召喚［3］,–,M090_A03a,敵専用技,0,1,敵専用,–,–,–,味方,自身,0,1,3,0,100,-1,3,3,0,0,0,–,–,–,召喚,エレメンタル金,–,–,1,10,0,0,–,–,0,0,–,0,0,0,0,–,0,–,0,0,0,0,0,0,26,26
654,EN_M090_A03a_Moku,召喚［4］,召,召喚,召喚［4］,–,M090_A03a,敵専用技,0,1,敵専用,–,–,–,味方,自身,0,1,3,0,100,-1,3,3,0,0,0,–,–,–,召喚,エレメンタル金,–,–,1,14,0,0,–,–,0,0,–,0,0,0,0,–,0,–,0,0,0,0,0,0,26,26
655,EN_M100_A01a,突く［2］,突,突く,突く［2］,–,M100_A01a,敵専用技,0,1,敵専用,–,突,–,敵,単体,35,1,2,0,95,0,0,0,0,24,0,筋,体,–,–,–,–,–,0,0,0,0,–,–,0,0,–,0,0,1,0,–,0,–,0,0,1,0,1,1,24,24
656,EN_M100_B01a,エアリアルスラッシュ［2］,エア,スラッシュ,エアリアルスラッシュ［2］,–,M100_B01a,敵専用技,0,1,敵専用,–,斬,–,敵,全体,22,1,2,0,95,-1,0,0,0,20,0,技,体,木,ガード不可,–,–,–,100,0,0,0,–,–,0,0,対空,0,0,1,0,–,0,突インタラプト,100,0,1,0,1,0,24,6
657,EN_M100_B01a_A,クロススラッシュ［2］,クロス,スラッシュ,クロススラッシュ［2］,–,M100_B01a,敵専用技,0,1,敵専用,–,斬,–,敵,全体,14,1,2,0,95,-1,0,0,0,14,0,筋,体,木,–,–,–,–,0,0,0,0,–,–,0,0,対空,0,0,1,0,–,0,–,0,0,1,1,1,1,24,24
658,EN_M100_B02a,デモンズスクラッチ［2］,デモ,スクラッチ,デモンズスクラッチ［2］,–,M100_B02a,敵専用技,0,1,敵専用,–,斬,–,敵,単体,35,1,3,0,94,-2,3,3,1,24,0,筋,体,–,即死,–,–,–,75,0,0,0,–,–,0,0,–,0,0,0,1,–,0,–,0,0,1,1,1,0,26,26
659,EN_M100_B02a_NoTri,超トライデモンズ,超トライ,デモンズ,超トライデモンズ,–,M100_B02b,敵専用技,0,1,敵専用,–,斬,–,敵,単体,3,1,3,0,94,-2,3,3,1,3,0,筋,体,–,即死,トライ,–,–,0,0,0,0,–,–,0,0,–,0,0,0,1,–,0,–,0,1,1,0,0,0,26,26
660,EN_M100_A03a,カウンターブレイズ,カウンター,ブレイズ,カウンターブレイズ,–,M100_A03a,敵専用技,0,1,敵専用,–,熱,–,敵,全体,32,1,3,0,95,0,3,3,0,23,0,知,集,火,ガード不可,–,–,–,100,0,0,0,–,–,0,0,–,1,0,1,0,–,0,カウンター,100,0,1,0,1,0,26,7
661,EN_M100_A03a_A,ブレイズブレス,ブレイズ,ブレス,ブレイズブレス,–,M100_A03a,敵専用技,0,1,敵専用,–,熱,–,敵,全体,18,1,3,0,95,0,3,3,0,18,0,知,集,火,–,–,–,–,0,0,0,0,–,–,0,0,–,0,0,1,0,–,0,–,0,0,1,0,1,2,26,26
662,EN_M100_A04a,カウンターフリーズ,カウンター,フリーズ,カウンターフリーズ,–,M100_A04a,敵専用技,0,1,敵専用,–,冷,–,敵,全体,32,1,3,0,95,0,3,3,0,23,0,知,集,水,ガード不可,–,–,–,100,0,0,0,–,–,0,0,–,1,0,1,0,–,0,カウンター,100,0,1,0,1,0,26,7
663,EN_M100_A04a_A,フリーズブレス,フリーズ,ブレス,フリーズブレス,–,M100_A04a,敵専用技,0,1,敵専用,–,冷,–,敵,全体,18,1,3,0,95,0,3,3,0,18,0,知,集,水,–,–,–,–,0,0,0,0,–,–,0,0,–,0,0,1,0,–,0,–,0,0,1,1,1,1,26,26
664,EN_M100_A05a,カウンタースパーク,カウンター,スパーク,カウンタースパーク,–,M100_A05a,敵専用技,0,1,敵専用,–,雷,–,敵,全体,32,1,3,0,95,-1,3,3,0,23,0,知,集,金,ガード不可,–,–,–,100,0,0,0,–,–,0,0,–,1,0,1,0,–,0,カウンター,100,0,1,0,1,0,26,7
665,EN_M100_A05a_A,スパークブレス,スパーク,ブレス,スパークブレス,–,M100_A05a,敵専用技,0,1,敵専用,–,雷,–,敵,全体,18,1,3,0,95,-1,3,3,0,18,0,知,集,金,–,–,–,–,0,0,0,0,–,–,0,0,–,0,0,1,0,–,0,–,0,0,1,2,1,0,26,26
666,EN_M100_A02a,大地の怒り,大地の,怒り,大地の怒り,–,M100_A02a,敵専用技,0,1,敵専用,–,打,–,敵,全体,31,1,4,0,95,-2,12,6,0,23,0,知,集,土,スタン,メカスタン,ガード不可,–,75,75,100,0,–,–,0,0,–,0,0,1,0,–,0,斬インタラプト,100,0,1,0,1,0,27,9
667,EN_M100_A02a_A,大地の嘆き,大地の,嘆き,大地の嘆き,–,M100_A02a,敵専用技,0,1,敵専用,–,打,–,敵,全体,18,1,4,0,95,-2,12,6,0,18,0,知,集,土,スタン,メカスタン,ガード不可,–,75,75,100,0,–,–,0,0,–,0,0,1,0,–,0,–,0,0,1,2,1,2,27,27
668,EN_M101_A01a,ひっかく［2］,ひっ,かく,ひっかく［2］,–,M101_A01a,敵専用技,0,1,敵専用,–,斬,–,敵,単体,20,1,1,0,95,0,0,0,0,20,0,筋,体,–,–,–,–,–,0,0,0,0,–,–,0,0,–,0,0,0,0,–,0,–,0,0,1,2,1,0,38,38
669,EN_M101_A04a,ヒールスラッシュ［2］,ヒー,スラッシュ,ヒールスラッシュ［2］,–,M101_A04a,敵専用技,0,1,敵専用,–,斬,–,敵,単体,32,1,3,0,94,1,0,0,1,23,0,筋,体,–,–,–,–,–,0,0,0,0,–,–,0,0,–,0,0,0,0,–,0,–,0,0,1,0,1,2,41,41
670,EN_M101_A02a,フェザースラッシュ［2］,フェザー,スラッシュ,フェザースラッシュ［2］,–,M101_A02a,敵専用技,0,1,敵専用,–,斬,–,敵,単体,50,1,3,0,94,-2,3,3,1,28,0,技,体,–,ガード不可,–,–,–,100,0,0,0,–,–,0,0,対空,0,0,1,0,–,0,打インタラプト,100,0,1,0,1,0,41,23
671,EN_M101_B01a,フェザーダンス［2］,フェザー,ダンス,フェザーダンス［2］,–,M101_B01a,敵専用技,0,1,敵専用,–,打,–,敵,単体,56,1,3,0,93,0,0,0,2,29,0,運,体,–,ガード不可,–,–,–,100,0,0,0,–,–,0,0,対空,1,0,1,0,–,0,カウンター,100,0,1,0,1,0,41,23
672,EN_M101_B02a,絶唱,絶,唱,絶唱,–,M101_B02a,敵専用技,0,1,敵専用,–,無,–,敵,全体,19,1,3,0,100,-2,3,3,0,19,0,知,集,–,スタン,ガード不可,–,–,75,100,0,0,–,–,0,0,–,1,0,1,0,–,0,斬インタラプト,100,0,1,0,1,0,26,7
673,EN_M101_A03a,サモンファミリア,サモン,ファミリア,サモンファミリア,–,M101_A03a,敵専用技,0,1,敵専用,–,–,–,味方,自身,0,1,3,0,0,-3,3,3,0,0,0,–,–,–,召喚,デコバット,–,–,1,1,0,0,–,–,0,0,–,0,0,0,0,–,0,–,0,0,0,0,0,0,26,26
674,EN_M102_A03a,切り落とし［2］,切り,落とし,切り落とし［2］,–,M102_A03a,敵専用技,0,1,敵専用,–,斬,打,敵,単体,19,1,1,0,95,0,0,0,0,19,0,筋,体,–,スタン,–,–,–,50,0,0,0,–,–,0,0,–,0,0,0,0,–,0,–,0,0,1,0,1,0,22,22
675,EN_M102_A08a,アッパースラッシュ［2］,アッパー,スラッシュ,アッパースラッシュ［2］,–,M102_A08a,敵専用技,0,1,敵専用,–,斬,–,敵,単体,26,1,2,0,94,-2,0,0,1,22,0,筋,体,–,メカスタン,–,–,–,50,0,0,0,–,–,0,0,–,0,0,0,0,–,0,–,0,0,1,1,1,0,24,24
676,EN_M102_A04a,マヒ凝視［2］,マヒ,凝視,マヒ凝視［2］,–,M102_A04a,敵専用技,0,1,敵専用,–,–,–,敵,単体,0,1,3,0,100,0,3,3,0,0,0,–,–,–,マヒ,–,–,–,75,0,0,0,–,–,0,0,対空,0,0,0,0,–,0,–,0,0,0,0,0,0,26,26
677,EN_M102_A05a,石化凝視,石化,凝視,石化凝視,–,M102_A05a,敵専用技,0,1,敵専用,–,–,–,敵,単体,0,1,3,0,100,2,3,3,0,0,0,–,–,–,石化,–,–,–,75,0,0,0,–,–,0,0,対空,0,0,0,0,–,0,–,0,0,0,0,0,0,26,26
678,EN_M102_A06a,死の凝視［2］,死の,凝視,死の凝視［2］,–,M102_A06a,敵専用技,0,1,敵専用,–,–,–,敵,単体,0,1,3,0,100,-1,3,3,0,0,0,–,–,–,即死,–,–,–,50,0,0,0,–,–,0,0,対空,0,0,0,0,–,0,–,0,0,0,0,0,0,26,26
679,EN_M102_A01a,混乱凝視［2］,混乱,凝視,混乱凝視［2］,–,M102_A01a,敵専用技,0,1,敵専用,–,–,–,敵,単体,0,1,3,0,100,1,3,3,0,0,0,–,–,–,混乱,–,–,–,50,0,0,0,–,–,0,0,対空,0,0,0,0,–,0,–,0,0,0,0,0,0,26,26
680,EN_M102_A07a,ソードスロウ［2］,ソード,スロウ,ソードスロウ［2］,–,M102_A07a,敵専用技,0,1,敵専用,–,斬,–,敵,単体,27,1,2,0,95,0,0,0,0,22,0,技,体,–,–,–,–,–,0,0,0,0,–,–,0,0,対空,0,0,1,0,–,1,–,0,0,1,0,1,0,24,24
681,EN_M102_A07a_Tri,トライスロウ,トライ,スロウ,トライスロウ,–,M102_A07a,敵専用技,0,1,敵専用,–,斬,–,敵,単体,58,1,3,0,95,0,0,0,0,30,0,技,体,–,トライ,–,–,–,0,0,0,0,–,–,0,0,対空,0,0,1,0,–,1,–,0,1,1,1,1,1,26,26
682,EN_M102_A02a,ダンス,ダン,ダンス,ダンス,–,M102_A02a,敵専用技,0,1,敵専用,–,無,–,敵,全体,14,1,3,0,100,0,3,3,0,14,0,–,–,–,挑発,–,–,–,100,0,0,0,–,–,0,0,対空,0,0,0,0,–,0,–,0,0,1,0,1,0,26,26
683,EN_M200_A01a,小突く［3］,小,突く,小突く［3］,–,M200_A01a,敵専用技,0,1,敵専用,–,突,–,敵,単体,35,1,3,0,93,0,0,0,2,24,0,筋,体,–,メカスタン,–,–,–,25,0,0,0,–,–,0,0,–,0,0,0,0,–,0,–,0,0,1,0,1,2,26,26
684,EN_M200_A01a_A,突っつく,突っ,つく,突っつく,–,M200_A01a,敵専用技,0,1,敵専用,–,突,–,敵,単体,41,1,4,0,93,-1,0,0,2,25,0,筋,体,–,メカスタン,–,–,–,25,0,0,0,–,–,0,0,–,0,0,1,0,–,0,–,0,0,1,2,1,0,27,27
685,EN_M200_A01a_B,つなぎ小突き,つなぎ,小突き,つなぎ小突き,–,M200_A01a,敵専用技,0,1,敵専用,–,突,–,敵,単体,27,1,3,0,93,5,0,0,2,22,0,筋,体,–,メカスタン,–,–,–,25,0,0,0,–,–,0,0,–,0,0,1,0,–,0,–,0,0,1,0,1,6,65,65
686,EN_M200_B01a,吸引,吸,吸引,吸引,–,M200_B01a,敵専用技,0,1,敵専用,–,打,–,敵,単体,26,1,3,0,100,-1,9,5,0,22,0,筋,集,–,攻撃力,防御力,術力,–,-10,-10,-10,0,–,–,0,0,対空,0,0,0,0,–,1,–,0,0,1,2,1,0,26,26
687,EN_M200_B01a_ADM,大吸引,大,吸引,大吸引,–,M200_B01a,敵専用技,0,1,敵専用,–,打,–,敵,単体,20,1,3,0,100,-3,9,5,0,20,0,技,集,–,攻撃力,防御力,術力,–,-30,-30,-30,0,–,–,0,0,対空,0,0,0,0,–,1,–,0,0,1,2,1,0,26,26
688,EN_M200_B01a_Tri,トライバキューム,トライ,バキューム,トライバキューム,–,M200_B01a,敵専用技,0,1,敵専用,–,打,–,敵,単体,36,1,3,0,100,-1,9,5,0,24,0,技,集,–,攻撃力,防御力,術力,トライ,-30,-30,-30,0,–,–,0,0,対空,0,0,0,0,–,1,–,0,1,1,1,1,1,26,26
689,EN_M200_A02a,跳ねる,跳ね,跳ねる,跳ねる,–,M200_A02a,敵専用技,0,1,敵専用,–,打,–,敵,全体,20,1,3,0,95,2,3,3,0,20,0,体,体,–,–,–,–,–,0,0,0,0,–,–,0,0,–,0,0,0,0,–,0,–,0,0,1,0,1,2,26,26
690,EN_M200_B02a,光放射,光,放射,光放射,–,M200_B02a,敵専用技,0,1,敵専用,–,無,–,敵,全体,29,1,5,0,95,0,15,7,0,22,0,知,集,–,–,–,–,–,0,0,0,0,–,–,0,0,対空,0,0,0,0,–,0,–,0,0,1,3,1,3,29,29
691,EN_M200_B02a_Attack,攻めの光放射,攻めの,光放射,攻めの光放射,–,M200_B02a,敵専用技,0,1,敵専用,–,無,–,敵,全体,26,1,5,0,95,0,15,7,0,22,0,知,集,–,–,–,–,–,0,0,0,0,攻撃力,–,20,0,対空,0,0,1,0,–,0,–,0,0,1,3,1,3,29,29
692,EN_M200_B02a_Defense,守りの光放射,守りの,光放射,守りの光放射,–,M200_B02a,敵専用技,0,1,敵専用,–,無,–,敵,全体,26,1,5,0,95,0,15,7,0,22,0,知,集,–,–,–,–,–,0,0,0,0,防御力,–,20,0,対空,0,0,0,1,–,0,–,0,0,1,3,1,3,29,29
693,EN_M200_B02a_Tri,トライエミッション,トライ,ミッション,トライエミッション,–,M200_B02a,敵専用技,0,1,敵専用,–,無,–,敵,全体,36,1,5,0,95,-2,15,7,0,24,0,知,集,–,トライ,–,–,–,0,0,0,0,–,–,0,0,対空,0,0,0,0,–,0,–,0,1,1,1,1,1,29,29
694,EN_M210_B01a,聖歌,聖,歌,聖歌,–,M210_B01a,敵専用技,0,1,敵専用,–,無,–,敵,全体,16,1,3,0,95,0,0,0,0,16,0,知,集,–,–,–,–,–,0,0,0,0,–,–,0,0,–,1,0,0,0,–,0,–,0,0,1,1,1,1,26,26
695,EN_M210_B04a,星滅,星,滅,星滅,–,M210_B04a,敵専用技,0,1,敵専用,–,熱,–,敵,全体,24,1,5,0,95,1,0,0,0,21,0,知,集,–,混乱,–,–,–,15,0,0,0,–,–,0,0,対空,0,0,0,0,–,0,–,0,0,1,2,1,2,29,29
696,EN_M210_A03a,光槍,光,槍,光槍,–,M210_A03a,敵専用技,0,1,敵専用,–,突,–,敵,単体,30,1,3,0,95,2,0,0,0,22,0,知,集,–,すばやさ,防御力,–,–,-8,-10,0,0,–,–,0,0,対空,0,0,0,0,–,0,–,1,0,1,0,1,2,26,26
697,EN_M210_A03a_Tri,トライアロー,トライ,アロー,トライアロー,–,M210_A03a,敵専用技,0,1,敵専用,–,突,–,敵,単体,50,1,3,0,95,2,0,0,0,28,0,知,集,–,すばやさ,防御力,トライ,–,-16,-20,0,0,–,–,0,0,対空,0,0,0,0,–,0,–,1,1,1,0,1,2,26,26
698,EN_M210_B03a,地震,地,地震,地震,–,M210_B03a,敵専用技,0,1,敵専用,–,打,–,敵,全体,16,1,3,0,95,-2,0,0,0,16,0,筋,体,–,即死,–,–,–,15,0,0,0,–,–,0,0,–,0,0,0,0,–,0,–,0,0,1,3,1,0,26,26
699,EN_M210_A01a,ふみつけ,ふみ,つけ,ふみつけ,–,M210_A01a,敵専用技,0,1,敵専用,–,打,–,敵,単体,40,1,4,0,95,1,0,0,0,25,0,筋,体,–,メカスタン,–,–,–,50,0,0,0,–,–,0,0,–,0,0,0,0,–,0,–,0,0,1,0,1,2,27,27
700,EN_M210_A02a,冷凍光線,冷凍,光線,冷凍光線,–,M210_A02a,敵専用技,0,1,敵専用,–,冷,–,敵,単体,36,1,3,0,95,-1,0,0,0,24,0,知,集,–,–,–,–,–,0,0,0,0,–,–,0,0,–,0,0,0,0,–,0,–,1,0,1,2,1,0,26,26
701,EN_M210_A04a,覚醒［2］,覚,覚醒,覚醒［2］,–,M210_A04a,敵専用技,0,1,敵専用,–,–,–,味方,自身,0,1,2,0,100,-3,0,0,0,0,0,–,–,–,すばやさ,防御力,技威力,–,8,10,4,0,–,–,0,0,–,0,0,0,0,–,0,–,0,1,0,0,0,0,24,24
702,EN_M220_B03a,サンダースパイク,サンダー,スパイク,サンダースパイク,–,M220_B03a,敵専用技,0,1,敵専用,–,突,雷,敵,単体,41,1,4,0,95,4,0,0,0,25,0,筋,体,–,–,–,–,–,0,0,0,0,–,–,0,0,対空,0,0,0,0,–,0,–,0,0,1,0,1,4,27,27
703,EN_M220_A03a,尻尾,尻,尾,尻尾,–,M220_A03a,敵専用技,0,1,敵専用,–,打,–,敵,全体,20,1,3,0,95,-2,0,0,0,20,0,筋,体,–,–,–,–,–,0,0,0,0,–,–,0,0,–,0,0,0,0,–,0,–,0,0,1,2,1,0,26,26
704,EN_M220_B01a,かまいたち,かま,いたち,かまいたち,–,M220_B01a,敵専用技,0,1,敵専用,–,斬,–,敵,乱撃,50,4,4,0,95,2,0,0,0,7,0,技,体,–,すばやさ,–,–,–,-8,0,0,0,–,–,0,0,対空,0,0,0,0,–,1,–,0,0,1,0,1,1,27,27
705,EN_M220_B02a,凝視,凝,凝視,凝視,–,M220_B02a,敵専用技,0,1,敵専用,–,無,–,敵,全体,11,1,3,0,95,0,0,0,0,11,0,知,集,–,マヒ,混乱,メカマヒ,–,50,50,50,0,–,–,0,0,対空,0,0,0,0,–,0,–,0,0,1,1,1,1,26,26
706,EN_M220_A02a,落雷,落,落雷,落雷,–,M220_A02a,敵専用技,0,1,敵専用,–,雷,–,敵,単体,39,1,4,0,95,1,0,0,0,25,0,知,集,–,メカマヒ,–,–,–,25,0,0,0,–,–,0,0,対空,0,0,0,0,–,1,–,0,0,1,0,1,1,27,27
707,EN_M220_A02a_Tri,トライサンダー,トライ,サンダー,トライサンダー,–,M220_A02a,敵専用技,0,1,敵専用,–,雷,–,敵,単体,77,1,4,0,95,2,0,0,0,34,0,知,集,–,トライ,–,–,–,0,0,0,0,–,–,0,0,対空,0,0,0,0,–,1,–,1,1,1,1,1,1,27,27
708,EN_M220_A01a,閃光,閃,光,閃光,–,M220_A01a,敵専用技,0,1,敵専用,–,無,–,敵,単体,15,1,2,0,95,4,0,0,0,15,0,知,集,–,スタン,暗闇,–,–,100,100,0,0,–,–,0,0,対空,0,0,0,0,–,1,–,0,0,1,1,1,1,24,24
709,EN_M220_A04a,召喚［5］,召,召喚,召喚［5］,–,M220_A04a,敵専用技,0,1,敵専用,–,–,–,味方,自身,0,1,1,0,100,-6,0,0,0,0,0,–,–,–,召喚,プーカ,–,–,2,0,0,0,–,–,0,0,–,0,0,1,0,–,0,–,0,1,0,0,0,0,23,23
710,EN_M220_A04a_A,召喚［6］,召,召喚,召喚［6］,–,M220_A04a,敵専用技,0,1,敵専用,–,–,–,味方,自身,0,1,1,0,100,6,0,0,0,0,0,–,–,–,召喚,プーカ,–,–,2,2,0,0,–,–,0,0,–,0,0,1,0,–,0,–,0,1,0,0,0,0,23,23
711,EN_M230_B05a,暴走排気ガス,暴走,排気ガス,暴走排気ガス,–,M230_B05a,敵専用技,0,1,敵専用,–,打,–,敵,全体,16,1,3,0,95,0,0,0,0,16,0,技,体,–,悪臭,–,–,–,100,0,0,0,–,–,0,0,–,0,0,0,0,–,0,–,0,0,1,2,1,2,26,26
712,EN_M230_B05a_A,暴走カウンター,暴走,カウンター,暴走カウンター,–,M230_B05a,敵専用技,0,1,敵専用,–,打,–,敵,全体,31,1,3,0,95,0,0,0,0,23,0,技,体,–,悪臭,ガード不可,–,–,100,100,0,0,–,–,0,0,–,1,0,0,0,–,0,カウンター,100,0,1,0,0,0,26,7
713,EN_M230_A01a,アクセルターン,アクセル,ターン,アクセルターン,–,M230_A01a,敵専用技,0,1,敵専用,–,打,–,敵,単体,26,1,2,0,95,1,0,0,0,22,0,運,体,–,スタン,メカスタン,–,–,75,75,0,0,–,–,0,0,–,0,0,0,0,–,0,–,0,0,1,0,1,2,24,24
714,EN_M230_A01a_A,インタラプトターン,インタ,ターン,インタラプトターン,–,M230_A01a,敵専用技,0,1,敵専用,–,打,–,敵,単体,42,1,2,0,95,1,0,0,0,26,0,技,体,–,スタン,メカスタン,ガード不可,–,75,75,100,0,–,–,0,0,–,0,0,0,0,–,0,斬インタラプト,100,0,1,0,1,0,24,6
715,EN_M230_A02a,車輪投げ,車輪,投げ,車輪投げ,–,M230_A02a,敵専用技,0,1,敵専用,–,突,–,敵,単体,34,1,3,0,95,2,0,0,0,24,0,技,体,–,挑発,–,–,–,100,0,0,0,–,–,0,0,対空,0,0,0,0,–,1,–,0,0,1,0,1,3,26,26
716,EN_M230_A02a_A,車輪返し,車輪,返し,車輪返し,–,M230_A02a,敵専用技,0,1,敵専用,–,突,–,敵,単体,55,1,3,0,95,2,0,0,0,29,0,技,体,–,ガード不可,挑発,–,–,100,100,0,0,–,–,0,0,対空,0,0,0,0,–,1,突インタラプト,100,0,1,0,1,0,26,7
717,EN_M230_B01a_Change_M2300A,人格変化・イワナガヒメ,人格,ヒメ,人格変化・イワナガヒメ,–,M230_B01a,敵専用技,0,1,敵専用,–,熱,–,敵,単体,44,1,4,0,95,-2,0,0,0,26,0,知,集,–,人格変化,霊機・イワナガヒメ,–,–,0,0,0,0,–,–,0,0,–,0,0,0,0,–,0,–,0,1,1,1,1,0,27,27
718,EN_M230_B01a_Change_M2301A,人格変化・カグツチ,人格,カグツチ,人格変化・カグツチ,–,M230_B01a,敵専用技,0,1,敵専用,–,熱,–,敵,単体,44,1,4,0,95,-2,0,0,0,26,0,知,集,–,人格変化,霊機・カグツチ,–,–,0,0,0,0,–,–,0,0,–,0,0,0,0,–,0,–,0,1,1,1,1,0,27,27
719,EN_M230_B01a_Change_M2302A,人格変化・スサノオ,人格,スサノオ,人格変化・スサノオ,–,M230_B01a,敵専用技,0,1,敵専用,–,無,–,敵,単体,38,1,4,0,95,-2,0,0,0,24,0,知,集,–,人格変化,霊機・スサノオ,–,–,0,0,0,0,–,–,0,0,–,0,0,0,0,–,0,–,0,1,1,1,1,0,27,27
720,EN_M230_B01a_Change_M2303A,人格変化・獅子の精,人格,獅子の精,人格変化・獅子の精,–,M230_B01a,敵専用技,0,1,敵専用,–,無,–,敵,単体,38,1,4,0,95,-2,0,0,0,24,0,知,集,–,人格変化,霊機・獅子の精,–,–,0,0,0,0,–,–,0,0,–,0,0,0,0,–,0,–,0,1,1,1,1,0,27,27
721,EN_M230_B01a_Change_M2304A,人格変化・弁慶,人格,弁慶,人格変化・弁慶,–,M230_B01a,敵専用技,0,1,敵専用,–,無,–,敵,単体,38,1,4,0,95,-2,0,0,0,24,0,知,集,–,人格変化,霊機・弁慶,–,–,0,0,0,0,–,–,0,0,–,0,0,0,0,–,0,–,0,1,1,1,1,0,27,27
722,EN_M230_B01a_Change_MECHAFRED_A,アレサへの狂恋,アレサ,狂恋,アレサへの狂恋,–,M230_B01a,敵専用技,0,1,敵専用,–,熱,–,敵,単体,44,1,4,0,95,-2,0,0,0,26,0,知,集,–,人格変化,機人・狂恋フレッド,–,–,0,0,0,0,–,–,0,0,–,0,0,0,0,–,0,–,0,1,1,1,1,0,27,27
723,EN_M230_B02a_Change_M2300B,人格変化・コノハナサクヤ,人格,サクヤ,人格変化・コノハナサクヤ,–,M230_B02a,敵専用技,0,1,敵専用,–,冷,–,敵,単体,44,1,4,0,95,1,0,0,0,26,0,知,集,–,人格変化,霊機・イワナガヒメ,–,–,0,1,0,0,–,–,0,0,–,0,0,0,0,–,0,–,0,1,1,0,1,1,27,27
724,EN_M230_B02a_Change_M2301B,人格変化・アメノウズメ,人格,ウズメ,人格変化・アメノウズメ,–,M230_B02a,敵専用技,0,1,敵専用,–,雷,–,敵,単体,44,1,4,0,95,1,0,0,0,26,0,知,集,–,人格変化,霊機・カグツチ,–,–,0,1,0,0,–,–,0,0,–,0,0,0,0,–,0,–,0,1,1,0,1,1,27,27
725,EN_M230_B02a_Change_M2302B,人格変化・ヤマタノオロチ,人格,オロチ,人格変化・ヤマタノオロチ,–,M230_B02a,敵専用技,0,1,敵専用,–,雷,–,敵,単体,44,1,4,0,95,1,0,0,0,26,0,知,集,–,人格変化,霊機・スサノオ,–,–,0,1,0,0,–,–,0,0,–,0,0,0,0,–,0,–,0,1,1,0,1,1,27,27
726,EN_M230_B02a_Change_M2303B,人格変化・胡蝶の精,人格,胡蝶の精,人格変化・胡蝶の精,–,M230_B02a,敵専用技,0,1,敵専用,–,無,–,敵,単体,38,1,4,0,95,1,0,0,0,24,0,知,集,–,人格変化,霊機・獅子の精,–,–,0,1,0,0,–,–,0,0,–,0,0,0,0,–,0,–,0,1,1,0,1,1,27,27
727,EN_M230_B02a_Change_M2304B,人格変化・牛若丸,人格,牛若丸,人格変化・牛若丸,–,M230_B02a,敵専用技,0,1,敵専用,–,冷,–,敵,単体,44,1,4,0,95,1,0,0,0,26,0,知,集,–,人格変化,霊機・弁慶,–,–,0,1,0,0,–,–,0,0,–,0,0,0,0,–,0,–,0,1,1,0,1,1,27,27
728,EN_M230_B02a_Change_MECHAFRED_B,コラーナへの妄執,コラーナ,妄執,コラーナへの妄執,–,M230_B02a,敵専用技,0,1,敵専用,–,冷,–,敵,単体,44,1,4,0,95,1,0,0,0,26,0,知,集,–,人格変化,機人・狂恋フレッド,–,–,0,1,0,0,–,–,0,0,–,0,0,0,0,–,0,–,0,1,1,0,1,1,27,27
729,EN_M230_B03a,竜巻回転,竜巻,回転,竜巻回転,–,M230_B03a,敵専用技,0,1,敵専用,–,打,–,敵,単体,48,1,5,0,95,-1,0,0,0,27,0,知,集,–,–,–,–,–,0,0,0,0,すばやさ,–,16,0,対空,0,0,0,0,–,0,–,0,0,1,2,1,0,29,29
730,EN_M230_A03a,すくむビンタ,すくむ,ビンタ,すくむビンタ,–,M230_A03a,敵専用技,0,1,敵専用,–,打,–,敵,単体,47,1,5,0,95,0,0,0,0,27,0,筋,体,–,攻撃力,–,–,–,-10,0,0,0,–,–,0,0,–,0,0,0,0,–,0,–,0,0,1,1,1,1,29,29
731,EN_M230_B04a,臆するオーラ,臆する,オーラ,臆するオーラ,–,M230_B04a,敵専用技,0,1,敵専用,–,無,–,敵,全体,22,1,5,0,95,0,0,0,0,20,0,知,集,–,防御力,–,–,–,-10,0,0,0,–,–,0,0,–,1,0,0,0,–,0,–,0,0,1,1,1,1,29,29
732,EN_M300_B01a,脱力の念［1］,脱力の,念,脱力の念［1］,–,M300_B01a,敵専用技,0,1,敵専用,–,突,–,敵,単体,20,1,2,0,95,2,0,0,0,20,0,技,集,–,攻撃力,–,–,–,-20,0,0,0,–,–,0,0,–,0,0,0,1,–,0,–,0,0,1,0,1,3,24,24
733,EN_M300_B02a,破砕の念［1］,破砕の,念,破砕の念［1］,–,M300_B02a,敵専用技,0,1,敵専用,–,突,–,敵,単体,20,1,2,0,95,-2,0,0,0,20,0,技,集,–,防御力,–,–,–,-20,0,0,0,–,–,0,0,–,0,0,1,0,–,0,–,0,0,1,3,1,0,24,24
734,EN_M300_B03a,鈍足の念［1］,鈍足の,念,鈍足の念［1］,–,M300_B03a,敵専用技,0,1,敵専用,–,突,–,敵,単体,20,1,2,0,95,2,0,0,0,20,0,技,集,–,すばやさ,–,–,–,-16,0,0,0,–,–,0,0,–,0,0,0,1,–,0,–,0,0,1,0,1,3,24,24
735,EN_M300_B04a,無知の念［1］,無知の,念,無知の念［1］,–,M300_B04a,敵専用技,0,1,敵専用,–,突,–,敵,単体,20,1,2,0,95,-2,0,0,0,20,0,技,集,–,術力,–,–,–,-20,0,0,0,–,–,0,0,–,0,0,1,0,–,0,–,0,0,1,3,1,0,24,24
736,EN_M300_MG_A_03,無詠天雷［1］,天,天雷,無詠天雷［1］,–,MG_A_03,敵専用技,0,1,敵専用,–,雷,–,敵,乱撃,27,5,3,0,95,0,0,0,0,4,0,知,集,木,マヒ,メカマヒ,ガード不可,術扱い,50,50,100,0,–,–,0,0,対空,0,0,0,0,–,1,–,0,0,1,3,1,3,26,26
737,EN_M300_MG_B_03,無詠超風［1］,超,超風,無詠超風［1］,–,MG_B_03,敵専用技,0,1,敵専用,–,熱,–,敵,全体,16,1,3,0,95,-1,0,0,0,16,0,知,集,火,術扱い,–,–,–,0,0,0,0,–,–,0,0,対空,0,0,0,0,–,0,–,0,0,1,3,1,3,26,26
738,EN_M300_MG_C_03,無詠超重力［1］,超,重力,無詠超重力［1］,–,MG_C_03,敵専用技,0,1,敵専用,–,打,–,敵,全体,14,1,3,0,95,-1,0,0,0,14,0,知,集,土,BP,術扱い,–,–,-1,0,0,0,–,–,0,0,対空,0,0,0,0,–,0,–,0,0,1,2,1,2,26,26
739,EN_M300_MG_E_03,無詠ウォータスフィア［1］,ウォータ,スフィア,無詠ウォータスフィア［1］,–,MG_E_03,敵専用技,0,1,敵専用,–,冷,–,敵,単体,26,1,3,0,95,1,0,0,0,22,0,知,集,水,ガード不可,特殊効果解除,術扱い,–,100,0,0,0,–,–,0,0,対空,0,0,0,0,–,1,–,0,0,1,2,1,2,26,26
740,EN_M300_MG_A_05,覚醒術・木,木の,覚醒,覚醒術・木,–,MG_A_05,敵専用技,0,1,敵専用,–,熱,冷,敵,単体,16,1,3,0,95,1,0,0,0,16,0,知,集,木,毒,暗闇,混乱,術扱い,50,50,50,0,攻撃力,–,10,0,対空,0,0,0,0,–,1,–,0,1,1,0,1,4,26,26
741,EN_M300_MG_B_05,覚醒術・火,火の,覚醒,覚醒術・火,–,MG_B_05,敵専用技,0,1,敵専用,–,熱,–,敵,単体,12,1,3,0,95,-2,0,0,0,12,0,知,集,火,攻撃力,即死,ガード不可,術扱い,-10,30,100,0,BPコスト,技威力,-1,3,対空,0,0,0,0,–,1,–,0,1,1,3,1,0,26,26
742,EN_M300_MG_C_05,覚醒術・土,土の,覚醒,覚醒術・土,–,MG_C_05,敵専用技,0,1,敵専用,–,打,–,敵,全体,12,1,3,0,95,3,0,0,0,12,0,知,集,土,防御力,ガード不可,ガード率,術扱い,-10,100,5,0,術力,–,20,0,対空,0,0,1,1,–,0,–,0,1,1,0,0,0,26,26
743,EN_M300_MG_D_05,覚醒術・金,金の,覚醒,覚醒術・金,–,MG_D_05,敵専用技,0,1,敵専用,–,雷,–,敵,全体,12,1,3,0,95,-2,0,0,0,12,0,知,集,金,術力,ガード不可,術扱い,–,-20,100,0,0,すばやさ,連携範囲拡張,8,1,対空,0,0,0,0,–,0,–,0,1,1,3,1,3,26,26
744,EN_M300_MG_E_05,覚醒術・水,水の,覚醒,覚醒術・水,–,MG_E_05,敵専用技,0,1,敵専用,–,冷,–,敵,全体,11,1,3,0,95,-1,0,0,0,11,0,知,集,水,すばやさ,術扱い,–,–,-8,0,0,0,防御力,–,10,0,対空,0,0,0,0,–,0,–,0,1,1,4,1,4,26,26
745,EN_M300_A01a,後方熱砲［1］,後方,熱砲,後方熱砲［1］,–,M300_A01a,敵専用技,0,1,敵専用,–,熱,–,敵,後方,25,1,3,0,94,8,0,0,1,21,0,知,集,–,範囲バンプ,挑発,–,–,100,100,0,0,–,–,0,0,対空,0,0,1,0,–,0,–,0,0,1,3,1,3,26,26
746,EN_M300_A02a,前方冷砲［1］,前方,冷砲,前方冷砲［1］,–,M300_A02a,敵専用技,0,1,敵専用,–,冷,–,敵,前方,26,1,3,0,95,-8,0,0,0,22,0,知,集,–,–,–,–,–,0,0,0,0,–,–,0,0,対空,0,0,0,1,–,0,–,0,0,1,3,1,3,26,26
747,EN_M300_A03a,熱冷［1］,熱,冷,熱冷［1］,熱冷［2］,M300_A03a,敵専用技,0,1,敵専用,–,熱,–,敵,前方,24,1,3,0,95,0,0,0,0,21,0,知,集,–,暗闇,–,–,–,50,0,0,0,–,–,0,0,対空,0,0,1,0,–,0,–,0,0,1,3,1,3,26,26
748,EN_M300_A03b,熱冷［2］,熱,冷,熱冷［2］,–,M300_A03b,敵専用技,0,0,敵専用,–,冷,–,敵,後方,5,1,3,0,95,0,0,0,0,5,0,知,集,–,混乱,–,–,–,35,0,0,0,–,–,0,0,対空,0,0,1,0,–,0,–,0,1,1,3,1,3,26,26
749,EN_M300_A04a,吸引放射［1］,吸引,放射,吸引放射［1］,吸引放射［2］,M300_A04a,敵専用技,0,1,敵専用,–,打,–,敵,前方,16,1,4,0,95,0,0,0,0,16,0,知,集,–,–,–,–,–,0,0,0,0,–,–,0,0,対空,0,0,0,1,–,0,–,0,0,1,3,1,3,27,27
750,EN_M300_A04b,吸引放射［2］,吸引,放射,吸引放射［2］,–,M300_A04b,敵専用技,0,0,敵専用,–,無,–,敵,後方,26,1,4,0,95,0,0,0,0,22,0,知,集,–,–,–,–,–,0,0,0,0,–,–,0,0,対空,0,0,0,1,–,0,–,0,1,1,3,1,3,27,27
751,EN_M300_A11a,乱撃［1］,乱,乱撃,乱撃［1］,–,M300_A11a,敵専用技,0,1,敵専用,–,斬,熱,敵,乱撃,32,3,3,0,95,0,0,0,0,8,0,筋,集,–,スタン,メカスタン,–,–,50,50,0,0,–,–,0,0,–,0,0,0,1,–,0,–,0,0,1,3,1,3,26,26
752,EN_M300_A12a,火生三昧［1］,火生,三昧,火生三昧［1］,–,M300_A12a,敵専用技,0,1,敵専用,–,熱,–,敵,全体,18,1,4,0,95,0,0,0,0,18,0,筋,集,–,防御力,–,–,–,-10,0,0,0,–,–,0,0,対空,0,0,0,0,–,0,–,0,0,1,3,1,3,27,27
753,EN_M300_A13a,不動剣［1］,不動,不動剣,不動剣［1］,–,M300_A13a,敵専用技,0,1,敵専用,–,斬,熱,敵,単体,37,1,5,0,95,-6,0,0,0,24,0,筋,集,–,–,–,–,–,0,0,0,0,攻撃力,–,10,0,–,0,0,1,0,–,0,–,0,0,1,8,1,0,29,29
754,EN_M300_A21a,大地震［1］,大,地震,大地震［1］,–,M300_A21a,敵専用技,0,1,敵専用,–,打,–,敵,全体,19,1,5,0,95,4,0,0,0,19,0,知,集,–,スタン,悪臭,–,–,50,50,0,0,–,–,0,0,–,0,0,0,1,–,0,–,0,0,1,0,1,6,29,29
755,EN_M300_A22a,毒霧［2］,毒,霧,毒霧［2］,–,M300_A22a,敵専用技,0,1,敵専用,–,無,–,敵,全体,4,1,3,0,95,-4,0,0,0,4,0,知,集,–,毒,–,–,–,35,0,0,0,–,–,0,0,–,0,0,1,0,–,0,–,0,0,1,6,1,0,26,26
756,EN_M300_A23a,渦雷［1］,渦,渦雷,渦雷［1］,–,M300_A23a,敵専用技,0,1,敵専用,–,冷,雷,敵,単体,21,1,3,0,95,8,0,0,0,20,0,知,集,–,即死,ガード率,–,–,35,-1,0,0,–,–,0,0,対空,0,0,0,1,–,1,–,0,0,1,0,1,8,26,26
757,EN_M300_A24a,大渦雷［1］,大渦,渦雷,大渦雷［1］,–,M300_A24a,敵専用技,0,1,敵専用,–,冷,雷,敵,全体,11,1,3,0,95,-8,0,0,0,11,0,知,集,–,即死,ガード率,–,–,30,-5,0,0,–,–,0,0,対空,0,0,1,0,–,1,–,0,0,1,8,1,0,26,26
758,EN_M300_A31a,雷落とし［1］,雷,落とし,雷落とし［1］,–,M300_A31a,敵専用技,0,1,敵専用,–,打,雷,敵,単体,23,1,3,0,95,0,0,0,0,21,0,運,集,–,マヒ,メカマヒ,–,–,35,35,0,0,–,–,0,0,対空,0,0,0,1,–,1,–,0,0,1,3,1,3,26,26
759,EN_M300_A32a,雷撃刃［1］,雷撃,雷撃刃,雷撃刃［1］,–,M300_A32a,敵専用技,0,1,敵専用,–,斬,雷,敵,全体,20,1,5,0,95,0,0,0,0,20,0,技,集,–,マヒ,メカマヒ,–,–,25,25,0,0,–,–,0,0,対空,0,0,1,0,–,0,–,0,0,1,3,1,3,29,29
760,EN_M300_A33b,号令一下,号令,一下,号令一下,–,M300_A33b,敵専用技,0,1,敵専用,–,打,–,敵,単体,11,1,1,0,95,0,0,0,0,11,0,知,集,–,連携時攻撃力,召喚,廻転虫,–,10,2,0,0,–,–,0,0,–,0,0,0,0,–,0,–,0,1,1,3,1,3,23,23
761,EN_M300_A41a,熱の防壁［1］,熱の,防壁,熱の防壁［1］,–,M300_A41a,敵専用技,0,1,敵専用,–,熱,–,敵,単体,20,1,2,0,95,0,0,0,0,20,0,知,集,–,マヒ,メカマヒ,熱の防壁,–,50,50,0,0,–,–,0,0,–,0,0,0,0,–,0,–,0,0,1,2,1,2,24,24
762,EN_M300_A42a,冷の防壁［1］,冷の,防壁,冷の防壁［1］,–,M300_A42a,敵専用技,0,1,敵専用,–,冷,–,敵,単体,24,1,2,0,95,0,0,0,0,21,0,知,集,–,冷の防壁,–,–,–,0,0,0,0,–,–,0,0,–,0,0,0,0,–,0,–,0,0,1,2,1,2,24,24
763,EN_M300_A43a,雷の防壁［1］,雷の,防壁,雷の防壁［1］,–,M300_A43a,敵専用技,0,1,敵専用,–,雷,–,敵,単体,18,1,2,0,95,0,0,0,0,18,0,知,集,–,石化,雷の防壁,–,–,50,0,0,0,–,–,0,0,対空,0,0,0,0,–,0,–,0,0,1,2,1,2,24,24
764,EN_M300_A44a,幻惑演舞,幻惑,演舞,幻惑演舞,–,M300_A44a,敵専用技,0,1,敵専用,–,冷,斬,敵,全体,14,1,5,0,95,0,0,0,0,14,0,運,集,–,混乱,–,–,–,35,0,0,0,–,–,0,0,–,0,0,0,1,–,0,–,0,0,1,3,1,3,29,29
765,EN_M300_B31a,エメラルドユニオン［1］,エメラルド,ユニオン,エメラルドユニオン［1］,–,M300_B31a,敵専用技,0,1,敵専用,–,無,–,敵,全体,27,1,7,0,95,-3,0,0,0,22,0,知,集,–,マヒ,石化,メカマヒ,術扱い,25,25,25,0,–,–,0,0,対空,0,0,1,0,–,0,–,0,1,1,9,1,0,32,32
766,EN_M300_B01a_R,脱力の念［2］,脱力の,念,脱力の念［2］,–,M300_B01a,敵専用技,0,1,敵専用,–,突,–,敵,単体,20,1,2,0,95,2,0,0,0,20,0,技,集,–,攻撃力,–,–,–,-20,0,0,0,–,–,0,0,–,0,0,0,1,–,0,–,0,0,1,0,0,0,24,24
767,EN_M300_B02a_R,破砕の念［2］,破砕の,念,破砕の念［2］,–,M300_B02a,敵専用技,0,1,敵専用,–,突,–,敵,単体,20,1,2,0,95,-2,0,0,0,20,0,技,集,–,防御力,–,–,–,-20,0,0,0,–,–,0,0,–,0,0,1,0,–,0,–,0,0,1,0,0,0,24,24
768,EN_M300_B03a_R,鈍足の念［2］,鈍足の,念,鈍足の念［2］,–,M300_B03a,敵専用技,0,1,敵専用,–,突,–,敵,単体,20,1,2,0,95,2,0,0,0,20,0,技,集,–,すばやさ,–,–,–,-16,0,0,0,–,–,0,0,–,0,0,0,1,–,0,–,0,0,1,0,0,0,24,24
769,EN_M300_B04a_R,無知の念［2］,無知の,念,無知の念［2］,–,M300_B04a,敵専用技,0,1,敵専用,–,突,–,敵,単体,20,1,2,0,95,-2,0,0,0,20,0,技,集,–,術力,–,–,–,-20,0,0,0,–,–,0,0,–,0,0,1,0,–,0,–,0,0,1,0,0,0,24,24
770,EN_M300_MG_A_03_R,無詠天雷［2］,天,天雷,無詠天雷［2］,–,MG_A_03,敵専用技,0,1,敵専用,–,雷,–,敵,乱撃,29,5,3,0,95,0,0,0,0,4,0,知,集,木,マヒ,メカマヒ,ガード不可,術扱い,50,50,100,0,–,–,0,0,対空,0,0,0,0,–,1,–,0,0,1,0,0,0,26,26
771,EN_M300_MG_B_03_R,無詠超風［2］,超,超風,無詠超風［2］,–,MG_B_03,敵専用技,0,1,敵専用,–,熱,–,敵,全体,16,1,3,0,95,-1,0,0,0,16,0,知,集,火,術扱い,–,–,–,0,0,0,0,–,–,0,0,対空,0,0,0,0,–,0,–,0,0,1,0,0,0,26,26
772,EN_M300_MG_C_03_R,無詠超重力［2］,超,重力,無詠超重力［2］,–,MG_C_03,敵専用技,0,1,敵専用,–,打,–,敵,全体,14,1,3,0,95,-1,0,0,0,14,0,知,集,土,BP,術扱い,–,–,-1,0,0,0,–,–,0,0,対空,0,0,0,0,–,0,–,0,0,1,0,0,0,26,26
773,EN_M300_MG_D_03_R,無詠ヴァーミリオンサンズ,ヴァーミリ,サンズ,無詠ヴァーミリオンサンズ,–,MG_D_03,敵専用技,0,1,敵専用,–,熱,–,敵,全体,14,1,3,0,95,1,0,0,0,14,0,知,集,金,暗闇,術扱い,–,–,75,0,0,0,–,–,0,0,対空,0,0,0,0,–,0,–,0,0,1,0,0,0,26,26
774,EN_M300_MG_E_03_R,無詠ウォータスフィア［2］,ウォータ,スフィア,無詠ウォータスフィア［2］,–,MG_E_03,敵専用技,0,1,敵専用,–,冷,–,敵,単体,26,1,3,0,95,1,0,0,0,22,0,知,集,水,ガード不可,特殊効果解除,術扱い,–,100,0,0,0,–,–,0,0,対空,0,0,0,0,–,1,–,0,0,1,0,0,0,26,26
775,EN_M300_B21a_R,木の覚醒,覚醒,覚醒術・木,木の覚醒,–,M300_B21a,敵専用技,0,1,敵専用,–,–,–,味方,自身,0,1,2,0,95,3,0,0,0,0,0,–,–,–,攻撃力,術扱い,–,–,20,0,0,0,–,–,0,0,–,0,0,0,0,–,1,–,0,1,0,0,0,0,24,24
776,EN_M300_B22a_R,火の覚醒,覚醒,覚醒術・火,火の覚醒,–,M300_B22a,敵専用技,0,1,敵専用,–,–,–,味方,自身,0,1,2,0,95,3,0,0,0,0,0,–,–,–,BPコスト,技威力,術扱い,–,-1,3,0,0,–,–,0,0,–,0,0,0,0,–,1,–,0,1,0,0,0,0,24,24
777,EN_M300_B24a_R,金の覚醒,覚醒,覚醒術・金,金の覚醒,–,M300_B24a,敵専用技,0,1,敵専用,–,–,–,味方,自身,0,1,2,0,95,3,0,0,0,0,0,–,–,–,すばやさ,連携範囲拡張,術扱い,–,24,1,0,0,–,–,0,0,–,0,0,0,0,–,0,–,0,1,0,0,0,0,24,24
778,EN_M300_B25a_R,水の覚醒,覚醒,覚醒術・水,水の覚醒,–,M300_B25a,敵専用技,0,1,敵専用,–,–,–,味方,自身,0,1,2,0,95,3,0,0,0,0,0,–,–,–,防御力,術扱い,–,–,10,0,0,0,–,–,0,0,–,0,0,0,0,–,0,–,0,1,0,0,0,0,24,24
779,EN_M300_A01a_R,後方熱砲［2］,後方,熱砲,後方熱砲［2］,–,M300_A01a,敵専用技,0,1,敵専用,–,熱,–,敵,後方,25,1,3,0,94,8,0,0,1,21,0,知,集,–,範囲バンプ,挑発,–,–,100,100,0,0,–,–,0,0,対空,0,0,1,0,–,0,–,0,0,1,0,0,0,26,26
780,EN_M300_A02a_R,前方冷砲［2］,前方,冷砲,前方冷砲［2］,–,M300_A02a,敵専用技,0,1,敵専用,–,冷,–,敵,前方,27,1,3,0,95,-8,0,0,0,22,0,知,集,–,–,–,–,–,0,0,0,0,–,–,0,0,対空,0,0,0,1,–,0,–,0,0,1,0,0,0,26,26
781,EN_M300_A11a_R,乱撃［2］,乱,乱撃,乱撃［2］,–,M300_A11a,敵専用技,0,1,敵専用,–,斬,熱,敵,乱撃,33,3,3,0,95,0,0,0,0,8,0,筋,集,–,スタン,メカスタン,–,–,50,50,0,0,–,–,0,0,–,0,0,0,1,–,0,–,0,0,1,0,0,0,26,26
782,EN_M300_A12a_R,火生三昧［2］,火生,三昧,火生三昧［2］,–,M300_A12a,敵専用技,0,1,敵専用,–,熱,–,敵,全体,18,1,4,0,95,0,0,0,0,18,0,筋,集,–,防御力,–,–,–,-10,0,0,0,–,–,0,0,対空,0,0,0,0,–,0,–,0,0,1,0,0,0,27,27
783,EN_M300_A13a_R,不動剣［2］,不動,不動剣,不動剣［2］,–,M300_A13a,敵専用技,0,1,敵専用,–,斬,熱,敵,単体,37,1,5,0,95,-6,0,0,0,24,0,筋,集,–,–,–,–,–,0,0,0,0,攻撃力,–,10,0,–,0,0,1,0,–,0,–,0,0,1,0,0,0,29,29
784,EN_M300_A21a_R,大地震［2］,大,地震,大地震［2］,–,M300_A21a,敵専用技,0,1,敵専用,–,打,–,敵,全体,19,1,5,0,95,4,0,0,0,19,0,知,集,–,スタン,悪臭,–,–,50,50,0,0,–,–,0,0,–,0,0,0,1,–,0,–,0,0,1,0,0,0,29,29
785,EN_M300_A22a_R,毒霧［3］,毒,霧,毒霧［3］,–,M300_A22a,敵専用技,0,1,敵専用,–,無,–,敵,全体,4,1,3,0,95,-4,0,0,0,4,0,知,集,–,毒,–,–,–,35,0,0,0,–,–,0,0,–,0,0,1,0,–,0,–,0,0,1,0,0,0,26,26
786,EN_M300_A23a_R,渦雷［2］,渦,渦雷,渦雷［2］,–,M300_A23a,敵専用技,0,1,敵専用,–,冷,雷,敵,単体,24,1,3,0,95,8,0,0,0,21,0,知,集,–,即死,ガード率,–,–,35,-1,0,0,–,–,0,0,対空,0,0,0,1,–,1,–,0,0,1,0,0,0,26,26
787,EN_M300_A24a_R,大渦雷［2］,大渦,渦雷,大渦雷［2］,–,M300_A24a,敵専用技,0,1,敵専用,–,冷,雷,敵,全体,12,1,3,0,95,-8,0,0,0,12,0,知,集,–,即死,ガード率,–,–,30,-5,0,0,–,–,0,0,対空,0,0,1,0,–,1,–,0,0,1,0,0,0,26,26
788,EN_M300_A31a_R,雷落とし［2］,雷,落とし,雷落とし［2］,–,M300_A31a,敵専用技,0,1,敵専用,–,打,雷,敵,単体,25,1,3,0,95,0,0,0,0,21,0,運,集,–,マヒ,メカマヒ,–,–,35,35,0,0,–,–,0,0,対空,0,0,0,1,–,1,–,0,0,1,0,0,0,26,26
789,EN_M300_A32a_R,雷撃刃［2］,雷撃,雷撃刃,雷撃刃［2］,–,M300_A32a,敵専用技,0,1,敵専用,–,斬,雷,敵,全体,20,1,5,0,95,0,0,0,0,20,0,技,集,–,マヒ,メカマヒ,–,–,25,25,0,0,–,–,0,0,対空,0,0,1,0,–,0,–,0,0,1,0,0,0,29,29
790,EN_M300_A41a_R,熱の防壁［2］,熱の,防壁,熱の防壁［2］,–,M300_A41a,敵専用技,0,1,敵専用,–,熱,–,敵,単体,21,1,2,0,95,0,0,0,0,20,0,知,集,–,マヒ,メカマヒ,熱の防壁,–,50,50,0,0,–,–,0,0,–,0,0,0,0,–,0,–,0,0,1,0,0,0,24,24
791,EN_M300_A42a_R,冷の防壁［2］,冷の,防壁,冷の防壁［2］,–,M300_A42a,敵専用技,0,1,敵専用,–,冷,–,敵,単体,25,1,2,0,95,0,0,0,0,21,0,知,集,–,冷の防壁,–,–,–,0,0,0,0,–,–,0,0,–,0,0,0,0,–,0,–,0,0,1,0,0,0,24,24
792,EN_M300_A43a_R,雷の防壁［2］,雷の,防壁,雷の防壁［2］,–,M300_A43a,敵専用技,0,1,敵専用,–,雷,–,敵,単体,20,1,2,0,95,0,0,0,0,20,0,知,集,–,石化,雷の防壁,–,–,50,0,0,0,–,–,0,0,対空,0,0,0,0,–,0,–,0,0,1,0,0,0,24,24
793,EN_M300_B31a_R,エメラルドユニオン［2］,エメラルド,ユニオン,エメラルドユニオン［2］,–,M300_B31a,敵専用技,0,1,敵専用,–,無,–,敵,全体,28,1,7,0,95,-3,0,0,0,22,0,知,集,–,マヒ,石化,メカマヒ,術扱い,25,25,25,0,–,–,0,0,対空,0,0,1,0,–,0,–,0,1,1,0,0,0,32,32
794,EN_ARTS_001,ショックウェイヴ［2］,ショック,ウェイヴ,ショックウェイヴ［2］,–,M042_A05a,敵専用技,0,1,敵専用,–,雷,–,敵,全体,5,1,1,0,95,-1,3,3,0,5,0,知,集,–,詠唱延長,–,–,–,100,0,0,0,–,–,0,0,対地,0,0,1,0,–,0,–,0,0,1,1,1,0,24,24
795,EN_ARTS_002,体当たり［3］,体,当たり,体当たり［3］,–,M052_A01a,敵専用技,0,1,敵専用,–,打,–,敵,単体,13,1,2,0,94,0,0,0,1,13,0,体,体,–,–,–,–,–,0,0,0,0,–,–,0,0,–,0,0,1,0,–,0,–,0,0,1,1,1,1,23,23
796,EN_ARTS_003,覚醒［3］,覚,覚醒,覚醒［3］,–,M210_A04a,敵専用技,0,1,敵専用,–,–,–,味方,自身,0,1,2,0,100,-3,0,0,0,0,0,–,–,–,すばやさ,防御力,技威力,–,16,20,6,0,–,–,0,0,–,0,0,0,0,–,0,–,0,1,0,0,0,0,24,24
797,EN_ARTS_004,無詠ウォータスフィア［3］,ウォータ,スフィア,無詠ウォータスフィア［3］,–,MG_E_03,敵専用技,0,1,敵専用,–,冷,–,敵,単体,26,1,3,0,95,1,0,0,0,22,0,知,集,水,ガード不可,特殊効果解除,術扱い,–,100,0,0,0,–,–,0,0,対空,0,0,1,1,–,1,–,0,0,1,0,0,0,26,26
798,EN_ARTS_005,後方熱砲［3］,後方,熱砲,後方熱砲［3］,–,M300_A01a,敵専用技,0,1,敵専用,–,熱,–,敵,後方,25,1,3,0,94,8,0,0,1,21,0,知,集,–,範囲バンプ,挑発,–,–,100,100,0,0,–,–,0,0,対空,0,0,1,1,–,0,–,0,0,1,0,0,0,26,26
799,EN_ARTS_006,乱撃［3］,乱,乱撃,乱撃［3］,–,M300_A11a,敵専用技,0,1,敵専用,–,斬,熱,敵,乱撃,33,3,3,0,95,0,0,0,0,8,0,筋,集,–,スタン,メカスタン,–,–,50,50,0,0,–,–,0,0,対空,0,0,1,1,–,0,–,0,0,1,0,0,0,26,26
800,EN_ARTS_007,毒霧［4］,毒,霧,毒霧［4］,–,M300_A22a,敵専用技,0,1,敵専用,–,無,–,敵,全体,4,1,3,0,95,-4,0,0,0,4,0,知,集,–,毒,–,–,–,35,0,0,0,–,–,0,0,–,0,0,1,1,–,0,–,0,0,1,0,0,0,26,26
801,EN_ARTS_008,大渦雷［3］,大渦,渦雷,大渦雷［3］,–,M300_A24a,敵専用技,0,1,敵専用,–,冷,雷,敵,全体,13,1,3,0,95,-8,0,0,0,13,0,知,集,–,即死,ガード率,–,–,30,-5,0,0,–,–,0,0,対空,0,0,1,1,–,0,–,0,0,1,0,0,0,26,26
802,EN_ARTS_009,雷落とし［3］,雷,落とし,雷落とし［3］,–,M300_A31a,敵専用技,0,1,敵専用,–,打,雷,敵,単体,25,1,3,0,95,0,0,0,0,21,0,運,集,–,マヒ,メカマヒ,–,–,35,35,0,0,–,–,0,0,対空,0,0,1,1,–,0,–,0,0,1,0,0,0,26,26
803,EN_ARTS_010,エメラルドユニオン［3］,エメラルド,ユニオン,エメラルドユニオン［3］,–,M300_B31a,敵専用技,0,1,敵専用,–,無,–,敵,全体,28,1,7,0,95,-3,0,0,0,22,0,知,集,–,マヒ,石化,メカマヒ,術扱い,25,25,25,0,–,–,0,0,対空,0,0,1,1,–,0,–,0,1,1,0,0,0,32,32
804,MCH_M90Z_A04a_EN3,システムクラッシュ,システム,クラッシュ,システムクラッシュ,–,M90Z_B01a,支援専用技,0,1,補助メカ,–,–,–,味方,自身,0,1,3,0,100,-1,0,0,0,0,0,運,体,–,すばやさ,攻撃力,防御力,–,-8,-10,-10,0,–,–,0,0,–,0,0,0,0,–,0,–,0,1,0,0,0,0,21,12
805,MAG_MG_B_03_Ka13_A,超風［2］,超,超風,超風［2］,–,MG_B_13,支援専用技,1,0,術,–,熱,–,敵,全体,41,1,4,2,100,-1,8,4,0,25,0,知,集,火,–,–,–,–,0,0,0,0,–,–,0,0,対空,0,0,0,0,–,0,–,0,0,1,3,1,3,44,6
806,MAG_MG_C_05_Do15_A,デブリスフロー［2］,デブリ,フロー,デブリスフロー［2］,–,MG_C_15,支援専用技,1,0,術,–,打,–,敵,全体,27,1,4,1,100,-1,12,6,0,22,0,知,集,土,すばやさ,攻撃力,防御力,ガード不可,-8,-10,-10,100,–,–,0,0,対空,0,0,0,0,–,0,–,0,0,1,4,1,0,34,6
807,OHS_WL000_B01,ブラッドスパルタン［未使用］,スパルタ,スパルタン,ブラッドスパルタン［未使用］,–,WL000_B01,未使用技,0,0,片手剣,汎用片手剣,斬,–,敵,単体,45,1,5,0,95,0,5,3,0,26,0,筋,体,–,暗闇,–,–,–,50,0,0,0,–,–,0,0,–,0,0,0,0,–,0,–,0,0,1,1,1,0,23,14
808,OHS_WL000_B01_EX1,ダンスマカブル［未使用］,ダンス,マカブル,ブラッドスパルタン［未使用］,–,WL000_B01,未使用技,0,0,片手剣,汎用片手剣,斬,–,敵,単体,33,1,3,0,95,4,0,0,0,23,0,運,体,–,暗闇,–,–,–,50,0,0,0,–,–,0,0,–,0,0,0,0,–,0,–,0,0,1,1,1,1,21,12
809,OHS_WLAXE_B03_EX1_BASE,ベースビートラッシュ［未使用］,高速,ナブラ,ベースビートラッシュ［未使用］,–,WLAXE_B03a,未使用技,0,0,片手剣,斧,斬,–,敵,単体,53,1,6,0,94,4,6,4,0,28,0,筋,体,–,–,–,–,–,0,0,0,0,–,–,0,0,–,0,0,0,0,–,0,–,0,0,1,0,1,2,24,15
810,THS_WH000_A02_SOUL_BASE,ベース清流剣［未使用］,流し,斬り,ベース清流剣［未使用］,–,WH000_A02a,未使用技,0,0,両手剣,汎用両手剣,斬,–,敵,単体,37,1,3,0,89,1,6,4,0,42,0,筋,体,–,攻撃力,–,–,–,-10,0,0,0,–,–,0,0,–,0,0,0,0,–,0,–,0,0,1,0,1,1,11,25
811,THS_WH000_A04_SOUL_BASE,ベース大木斬［未使用］,かぶと,割り,ベース大木斬［未使用］,–,WH000_A04a,未使用技,0,0,両手剣,汎用両手剣,斬,打,敵,単体,42,1,4,0,89,-1,8,4,0,46,0,筋,体,–,防御力,–,–,–,-10,0,0,0,–,–,0,0,–,0,0,0,0,–,0,–,0,0,1,2,1,0,12,26
812,THS_WH000_B01_EX1,大旋風［未使用］,大,大旋風,払車剣,–,WH000_B01,未使用技,0,0,両手剣,汎用両手剣,斬,–,敵,全体,33,1,7,0,89,0,14,6,0,40,0,筋,集,–,–,–,–,–,0,0,0,0,–,–,0,0,–,0,0,0,0,–,0,–,0,0,1,1,1,1,15,29
813,THS_WH000_B01_BLD01,ブラッドウインド［未使用］,ブラッド,ウインド,ブラッドウインド［未使用］,–,WH000_B01,未使用技,0,0,両手剣,汎用両手剣,斬,–,敵,全体,25,1,3,0,89,-2,6,4,0,37,0,筋,集,–,すばやさ,ガード不可,–,–,-8,0,0,0,LPダメージ,–,2,0,–,1,0,0,0,–,0,–,0,1,1,2,1,2,24,41
814,THS_WHSSW_B04_EX1_BASE,ベース擾乱雪月花［未使用］,乱れ,雪月花,ベース擾乱雪月花［未使用］,–,WHSSW_B04a,未使用技,0,0,両手剣,刀,斬,冷,敵,単体,65,1,7,0,89,-2,14,6,0,54,0,筋,体,–,–,–,–,–,0,0,0,0,–,–,0,0,–,0,0,1,0,–,0,–,0,0,1,2,1,2,15,29
815,THS_WHPSW_A01_EX1_BASE,ベース活殺獣神衝［未使用］,エイ,ミング,ベース活殺獣神衝［未使用］,–,WHPSW_A01a,未使用技,0,0,両手剣,薙刀,突,–,敵,単体,31,1,2,0,100,-2,4,3,0,40,0,技,体,–,–,–,–,–,0,0,0,0,–,–,0,0,–,0,0,0,0,–,0,–,0,0,1,2,1,0,10,24
816,THS_WHPSW_B04_EX1_BASE,ベース三術結界［未使用］,無双,三段,ベース三術結界［未使用］,–,WHPSW_B04a,未使用技,0,0,両手剣,薙刀,斬,打,敵,単体,56,1,6,0,92,3,12,6,0,51,0,技,体,–,スタン,–,–,–,50,0,0,0,–,–,0,0,–,0,0,0,0,–,0,–,0,0,1,0,1,3,14,28
817,OHG_GL000_B03,ギダンルプープル［未使用］,ギダン,プル,ギダンルプープル［未使用］,–,GL000_B03,未使用技,0,0,片手銃,片手銃,突,–,敵,単体,32,1,4,0,92,3,0,0,0,23,0,技,体,–,連携時攻撃力,–,–,–,10,0,0,0,–,–,0,0,対空,0,0,0,0,–,1,–,0,0,1,0,1,4,22,13
818,OHG_GL000_B03_EX1,セレモントワ［未使用］,レモン,トハ？,ギダンルプープル［未使用］,–,GL000_B03,未使用技,0,0,片手銃,片手銃,突,–,敵,単体,33,1,4,0,92,1,0,0,0,23,0,技,体,–,連携時攻撃力,–,–,–,20,0,0,0,–,–,0,0,対空,0,0,0,0,–,1,–,0,0,1,0,1,1,22,13
819,OHG_GL000_B03_BLD02,ブラザーフッド［未使用］,ブラザー,フッド,ブラザーフッド［未使用］,–,GL000_B03,未使用技,0,0,片手銃,片手銃,突,–,敵,単体,32,1,4,0,95,3,0,0,0,23,0,技,体,–,ガード不可,–,–,–,0,0,0,0,LPダメージ,–,2,0,対空,1,0,0,0,–,1,–,0,1,1,0,1,4,43,18
820,THG_GH000_B01,トリガーハッピー［未使用］,トリガー,ハッピー,トリガーハッピー［未使用］,–,GH000_B01,未使用技,0,0,両手銃,汎用両手銃,打,–,敵,単体,61,1,6,0,86,-1,12,6,0,52,0,技,体,–,–,–,–,–,0,0,0,0,攻撃力,–,10,0,対空,0,0,0,0,–,1,–,0,0,1,3,1,0,8,30
821,THG_GH000_B02_SOUL_BASE,ベース元素制圧［未使用］,面,制圧,ベース元素制圧［未使用］,–,GH000_B02b,未使用技,0,0,両手銃,汎用両手銃,打,–,敵,全体,32,1,6,0,86,-1,12,6,0,40,0,技,体,–,–,–,–,–,0,0,0,0,–,–,0,0,対空,0,0,0,0,–,0,–,0,0,1,2,1,2,8,30
822,THG_GH000_B01_EX1,クイックハッピー［未使用］,クイック,ハッピー,トリガーハッピー［未使用］,–,GH000_B01,未使用技,0,0,両手銃,汎用両手銃,打,–,敵,単体,40,1,3,0,86,2,6,4,0,44,0,技,体,–,–,–,–,–,0,0,0,0,攻撃力,–,10,0,対空,0,0,0,0,–,1,–,0,0,1,0,1,2,5,27
823,ARTS_002_UN,固有技予備2［未使用］,固有技予備2,固有技予備2,散弾,–,GH000_A01,未使用技,0,0,両手銃,汎用両手銃,打,–,敵,単体,14,1,1,0,50,1,2,2,0,24,95,集,体,–,–,–,–,–,0,0,0,0,–,–,0,0,対空,0,0,0,0,–,1,–,0,0,1,0,1,1,13,25
824,ARTS_003_UN,固有技予備3［未使用］,固有技予備3,固有技予備3,散弾,–,GH000_A01,未使用技,0,0,両手銃,汎用両手銃,打,–,敵,単体,14,1,1,0,50,1,2,2,0,24,95,集,体,–,–,–,–,–,0,0,0,0,–,–,0,0,対空,0,0,0,0,–,1,–,0,0,1,0,1,1,13,25
825,ARTS_004_UN,固有技予備4［未使用］,固有技予備4,固有技予備4,散弾,–,GH000_A01,未使用技,0,0,両手銃,汎用両手銃,打,–,敵,単体,14,1,1,0,50,1,2,2,0,24,95,集,体,–,–,–,–,–,0,0,0,0,–,–,0,0,対空,0,0,0,0,–,1,–,0,0,1,0,1,1,13,25
826,ARTS_005_UN,固有技予備5［未使用］,固有技予備5,固有技予備5,散弾,–,GH000_A01,未使用技,0,0,両手銃,汎用両手銃,打,–,敵,単体,14,1,1,0,50,1,2,2,0,24,95,集,体,–,–,–,–,–,0,0,0,0,–,–,0,0,対空,0,0,0,0,–,1,–,0,0,1,0,1,1,13,25
827,ARTS_006_UN,固有技予備6［未使用］,固有技予備6,固有技予備6,散弾,–,GH000_A01,未使用技,0,0,両手銃,汎用両手銃,打,–,敵,単体,14,1,1,0,50,1,2,2,0,24,95,集,体,–,–,–,–,–,0,0,0,0,–,–,0,0,対空,0,0,0,0,–,1,–,0,0,1,0,1,1,13,25
828,ARTS_007_UN,固有技予備7［未使用］,固有技予備7,固有技予備7,散弾,–,GH000_A01,未使用技,0,0,両手銃,汎用両手銃,打,–,敵,単体,14,1,1,0,50,1,2,2,0,24,95,集,体,–,–,–,–,–,0,0,0,0,–,–,0,0,対空,0,0,0,0,–,1,–,0,0,1,0,1,1,13,25
829,ARTS_008_UN,固有技予備8［未使用］,固有技予備8,固有技予備8,散弾,–,GH000_A01,未使用技,0,0,両手銃,汎用両手銃,打,–,敵,単体,14,1,1,0,50,1,2,2,0,24,95,集,体,–,–,–,–,–,0,0,0,0,–,–,0,0,対空,0,0,0,0,–,1,–,0,0,1,0,1,1,13,25
830,ARTS_009_UN,固有技予備9［未使用］,固有技予備9,固有技予備9,散弾,–,GH000_A01,未使用技,0,0,両手銃,汎用両手銃,打,–,敵,単体,14,1,1,0,50,1,2,2,0,24,95,集,体,–,–,–,–,–,0,0,0,0,–,–,0,0,対空,0,0,0,0,–,1,–,0,0,1,0,1,1,13,25
831,ARTS_010_UN,固有技予備10［未使用］,固有技予備10,固有技予備10,散弾,–,GH000_A01,未使用技,0,0,両手銃,汎用両手銃,打,–,敵,単体,14,1,1,0,50,1,2,2,0,24,95,集,体,–,–,–,–,–,0,0,0,0,–,–,0,0,対空,0,0,0,0,–,1,–,0,0,1,0,1,1,13,25
832,ARTS_011_UN,固有技予備11［未使用］,固有技予備11,固有技予備11,散弾,–,GH000_A01,未使用技,0,0,両手銃,汎用両手銃,打,–,敵,単体,14,1,1,0,50,1,2,2,0,24,95,集,体,–,–,–,–,–,0,0,0,0,–,–,0,0,対空,0,0,0,0,–,1,–,0,0,1,0,1,1,13,25
833,ARTS_012_UN,固有技予備12［未使用］,固有技予備12,固有技予備12,散弾,–,GH000_A01,未使用技,0,0,両手銃,汎用両手銃,打,–,敵,単体,14,1,1,0,50,1,2,2,0,24,95,集,体,–,–,–,–,–,0,0,0,0,–,–,0,0,対空,0,0,0,0,–,1,–,0,0,1,0,1,1,13,25
834,ARTS_013_UN,固有技予備13［未使用］,固有技予備13,固有技予備13,散弾,–,GH000_A01,未使用技,0,0,両手銃,汎用両手銃,打,–,敵,単体,14,1,1,0,50,1,2,2,0,24,95,集,体,–,–,–,–,–,0,0,0,0,–,–,0,0,対空,0,0,0,0,–,1,–,0,0,1,0,1,1,13,25
835,ARTS_014_UN,固有技予備14［未使用］,固有技予備14,固有技予備14,散弾,–,GH000_A01,未使用技,0,0,両手銃,汎用両手銃,打,–,敵,単体,14,1,1,0,50,1,2,2,0,24,95,集,体,–,–,–,–,–,0,0,0,0,–,–,0,0,対空,0,0,0,0,–,1,–,0,0,1,0,1,1,13,25
836,ARTS_015_UN,固有技予備15［未使用］,固有技予備15,固有技予備15,散弾,–,GH000_A01,未使用技,0,0,両手銃,汎用両手銃,打,–,敵,単体,14,1,1,0,50,1,2,2,0,24,95,集,体,–,–,–,–,–,0,0,0,0,–,–,0,0,対空,0,0,0,0,–,1,–,0,0,1,0,1,1,13,25
837,ARTS_016_UN,固有技予備16［未使用］,固有技予備16,固有技予備16,散弾,–,GH000_A01,未使用技,0,0,両手銃,汎用両手銃,打,–,敵,単体,14,1,1,0,50,1,2,2,0,24,95,集,体,–,–,–,–,–,0,0,0,0,–,–,0,0,対空,0,0,0,0,–,1,–,0,0,1,0,1,1,13,25
838,ARTS_017_UN,固有技予備17［未使用］,固有技予備17,固有技予備17,散弾,–,GH000_A01,未使用技,0,0,両手銃,汎用両手銃,打,–,敵,単体,14,1,1,0,50,1,2,2,0,24,95,集,体,–,–,–,–,–,0,0,0,0,–,–,0,0,対空,0,0,0,0,–,1,–,0,0,1,0,1,1,13,25
839,ARTS_018_UN,固有技予備18［未使用］,固有技予備18,固有技予備18,散弾,–,GH000_A01,未使用技,0,0,両手銃,汎用両手銃,打,–,敵,単体,14,1,1,0,50,1,2,2,0,24,95,集,体,–,–,–,–,–,0,0,0,0,–,–,0,0,対空,0,0,0,0,–,1,–,0,0,1,0,1,1,13,25
840,ARTS_019_UN,固有技予備19［未使用］,固有技予備19,固有技予備19,散弾,–,GH000_A01,未使用技,0,0,両手銃,汎用両手銃,打,–,敵,単体,14,1,1,0,50,1,2,2,0,24,95,集,体,–,–,–,–,–,0,0,0,0,–,–,0,0,対空,0,0,0,0,–,1,–,0,0,1,0,1,1,13,25
841,ARTS_020_UN,固有技予備20［未使用］,固有技予備20,固有技予備20,散弾,–,GH000_A01,未使用技,0,0,両手銃,汎用両手銃,打,–,敵,単体,14,1,1,0,50,1,2,2,0,24,95,集,体,–,–,–,–,–,0,0,0,0,–,–,0,0,対空,0,0,0,0,–,1,–,0,0,1,0,1,1,13,25
842,THG_GH000_B02_BLD01,ブレイクバラージュ［未使用］,ブレイク,バラージュ,ブレイクバラージュ［未使用］,–,GH000_B02,未使用技,0,0,両手銃,汎用両手銃,打,–,敵,全体,35,1,4,0,89,0,8,4,0,42,0,技,体,–,ガード不可,–,–,–,0,0,0,0,LPダメージ,–,1,0,対空,1,0,0,0,–,0,–,0,1,1,2,1,2,24,44
843,MAR_MA000_B06_BLD01,龍神烈火拳［未使用］,龍神,烈火拳,龍神烈火拳［未使用］,–,MA000_B06,未使用技,0,0,体術,パンチ,打,熱,敵,単体,28,1,2,0,98,2,0,0,0,18,0,筋,体,–,ガード不可,–,–,–,0,0,0,0,攻撃力,LPダメージ,10,1,–,1,0,0,1,–,0,–,0,1,1,0,1,3,29,29
844,MCH_M90X_A04a_EN,自爆［未使用］,自,爆,自爆［未使用］,–,M90X_A04a,未使用技,0,0,近接メカ,–,熱,–,敵,単体,0,1,3,0,100,-1,0,0,0,0,0,運,体,–,即死,リザーブ不可,–,–,100,0,0,0,即死,–,100,0,–,0,0,0,0,–,0,–,0,1,0,0,0,0,21,12
845,MCH_M90X_A04a_EN2,システムダウン［未使用］,システム,ダウン,システムダウン［未使用］,–,M90X_A04a,未使用技,0,0,近接メカ,–,熱,–,敵,単体,0,1,3,0,100,-1,0,0,0,0,0,運,体,–,すばやさ,攻撃力,防御力,–,-24,-30,-30,0,–,–,0,0,–,0,0,0,0,–,0,–,0,1,0,0,0,0,21,12
846,MCH_M90Y_B06a_EN,破壊光線［未使用］,破壊,光線,破壊光線［未使用］,–,M90Y_B06a,未使用技,0,0,射撃メカ,–,雷,–,敵,単体,93,1,7,0,95,-4,7,4,0,38,0,技,集,–,–,–,–,–,0,0,0,0,–,–,0,0,対空,0,0,0,0,–,1,–,0,0,1,3,1,0,25,16
847,MCH_M90Z_A03a_2_EN,加速装置改［未使用］,加速,加速,加速装置改［未使用］,–,M90Z_A03a,未使用技,0,0,補助メカ,–,–,–,味方,他者,0,1,2,0,100,5,0,0,0,0,0,–,–,–,すばやさ,メカ限定,–,–,16,0,0,0,–,–,0,0,–,0,0,0,1,–,0,–,0,0,0,0,0,0,20,11
848,EN_M011_A01a_A,ビッグクラッシュ［未使用］,ビッグ,クラッシュ,ビッグクラッシュ［未使用］,–,M011_A01a,未使用技,0,0,敵専用,–,突,–,敵,単体,30,1,3,0,94,2,0,0,1,22,0,筋,体,–,防御力,–,–,–,-30,0,0,0,–,–,0,0,–,0,0,1,0,–,0,–,0,0,1,0,1,2,26,26
849,EN_M011_B01a_A,大咆哮［未使用］,大,咆哮,大咆哮［未使用］,–,M011_B01a,未使用技,0,0,敵専用,–,無,–,敵,全体,15,1,4,0,100,3,4,3,0,15,0,知,集,–,スタン,メカスタン,–,–,50,50,0,0,攻撃力,–,30,0,対空,1,0,0,0,–,0,–,0,0,1,3,1,0,27,27
850,EN_M011_B02a_A,グランスパイク［未使用］,グラン,スパイク,グランスパイク［未使用］,–,M011_B02a,未使用技,0,0,敵専用,–,突,–,敵,単体,43,1,5,0,93,3,15,7,2,26,0,筋,体,–,攻撃力,–,–,–,-30,0,0,0,–,–,0,0,–,0,0,0,1,–,0,–,0,0,1,0,1,4,29,29
851,EN_M040_A05a,サモンダンス［未使用］,サモン,ダンス,サモンダンス［未使用］,–,M040_A05a,未使用技,0,0,敵専用,–,–,–,味方,自身,0,1,2,0,100,-3,2,2,0,0,0,–,–,–,召喚,カエル戦士,–,–,2,1,0,0,–,–,0,0,–,0,0,0,0,–,0,–,0,0,0,0,0,0,24,24
852,EN_M071_A01b,食べる［未使用］,食べ,食べる,食べる［未使用］,–,M071_A01b,未使用技,0,0,敵専用,–,–,–,味方,他者,23,1,1,0,100,5,0,0,0,0,0,–,–,–,捕食,–,–,–,100,0,0,0,–,–,0,0,–,0,0,0,0,–,0,–,0,0,0,0,0,0,23,23
853,EN_M090_A04a_Interrupt,インタラプトブラスター［未使用］,インタ,ブラスター,インタラプトブラスター［未使用］,–,M090_A04a,未使用技,0,0,敵専用,–,雷,–,敵,単体,15,1,1,0,95,0,0,0,0,15,0,知,集,–,ガード不可,–,–,–,100,0,0,0,–,–,0,0,対空,0,0,1,0,–,1,突インタラプト,100,0,1,0,1,0,23,4
854,EN_M090_A03a_Do,召喚［未使用1］,召,召喚,召喚［未使用1］,–,M090_A03a,未使用技,0,0,敵専用,–,–,–,味方,自身,0,1,3,0,100,-1,3,3,0,0,0,–,–,–,召喚,エレメンタル金,–,–,1,18,0,0,–,–,0,0,–,0,0,0,0,–,0,–,0,0,0,0,0,0,26,26
855,EN_M200_B02a_AD,攻守の光放射［未使用］,攻守の,光放射,攻守の光放射［未使用］,–,M200_B02a,未使用技,0,0,敵専用,–,無,–,敵,全体,27,1,5,0,95,0,15,7,0,22,0,知,集,–,–,–,–,–,0,0,0,0,攻撃力,防御力,20,20,対空,0,0,0,0,–,0,–,0,0,1,3,1,3,29,29
856,EN_M230_B01a,左顔ブレス［未使用］,ブレ,ブレス,左顔ブレス［未使用］,–,M230_B01a,未使用技,0,0,敵専用,–,熱,–,敵,単体,44,1,4,0,95,-2,0,0,0,26,0,知,集,–,–,–,–,–,0,0,0,0,–,–,0,0,–,0,0,0,0,–,0,–,0,0,1,1,1,0,27,27
857,EN_M230_B01a_1,赤のブレス［未使用］,赤の,ブレス,赤のブレス［未使用］,–,M230_B01a,未使用技,0,0,敵専用,–,熱,–,敵,単体,44,1,4,0,95,-2,0,0,0,26,0,知,集,–,–,–,–,–,0,0,0,0,–,–,0,0,–,0,0,0,0,–,0,–,0,0,1,1,1,0,27,27
858,EN_M230_B01a_2,白のブレス［未使用］,白の,ブレス,白のブレス［未使用］,–,M230_B01a,未使用技,0,0,敵専用,–,無,–,敵,単体,38,1,4,0,95,-2,0,0,0,24,0,知,集,–,–,–,–,–,0,0,0,0,–,–,0,0,–,0,0,0,0,–,0,–,0,0,1,1,1,0,27,27
859,EN_M230_B01a_3,黒のブレス［未使用1］,黒の,ブレス,黒のブレス［未使用1］,–,M230_B01a,未使用技,0,0,敵専用,–,無,–,敵,単体,38,1,4,0,95,-2,0,0,0,24,0,知,集,–,–,–,–,–,0,0,0,0,–,–,0,0,–,0,0,0,0,–,0,–,0,0,1,1,1,0,27,27
860,EN_M230_B02a,右顔ブレス［未使用］,右顔,ブレス,右顔ブレス［未使用］,–,M230_B02a,未使用技,0,0,敵専用,–,冷,–,敵,単体,44,1,4,0,95,1,0,0,0,26,0,知,集,–,–,–,–,–,0,0,0,0,–,–,0,0,–,0,0,0,0,–,0,–,0,0,1,0,1,1,27,27
861,EN_M230_B02a_1,青のブレス［未使用］,青の,ブレス,青のブレス［未使用］,–,M230_B02a,未使用技,0,0,敵専用,–,冷,–,敵,単体,44,1,4,0,95,1,0,0,0,26,0,知,集,–,–,–,–,–,0,0,0,0,–,–,0,0,–,0,0,0,0,–,0,–,0,0,1,0,1,1,27,27
862,EN_M230_B02a_2,黄のブレス［未使用］,黄の,ブレス,黄のブレス［未使用］,–,M230_B02a,未使用技,0,0,敵専用,–,雷,–,敵,単体,44,1,4,0,95,1,0,0,0,26,0,知,集,–,–,–,–,–,0,0,0,0,–,–,0,0,–,0,0,0,0,–,0,–,0,0,1,0,1,1,27,27
863,EN_M230_B02a_3,黒のブレス［未使用2］,黒の,ブレス,黒のブレス［未使用2］,–,M230_B02a,未使用技,0,0,敵専用,–,無,–,敵,単体,38,1,4,0,95,1,0,0,0,24,0,知,集,–,–,–,–,–,0,0,0,0,–,–,0,0,–,0,0,0,0,–,0,–,0,0,1,0,1,1,27,27
864,EN_M300_MG_D_03,無詠ヴァーミリオンサンズ［未使用］,ヴァーミリ,サンズ,無詠ヴァーミリオンサンズ［未使用］,–,MG_D_03,未使用技,0,0,敵専用,–,熱,–,敵,全体,14,1,3,0,95,1,0,0,0,14,0,知,集,金,暗闇,術扱い,–,–,75,0,0,0,–,–,0,0,対空,0,0,0,0,–,0,–,0,0,1,2,1,2,26,26
865,EN_M300_B11a,召喚［未使用2］,召,召喚,召喚［未使用2］,–,M300_B11a,未使用技,0,0,敵専用,–,–,–,味方,自身,0,1,1,0,100,0,0,0,0,0,0,–,–,–,召喚,エレメンタル金,–,–,2,0,0,0,–,–,0,0,–,0,0,0,0,–,0,–,0,0,0,0,0,0,23,23
866,EN_M300_B21a,木の覚醒［未使用］,覚醒,覚醒術・木,木の覚醒［未使用］,–,M300_B21a,未使用技,0,0,敵専用,–,–,–,味方,自身,0,1,3,0,95,3,0,0,0,0,0,–,–,–,攻撃力,術扱い,–,–,10,0,0,0,–,–,0,0,–,0,0,0,0,–,1,–,0,1,1,0,1,4,26,26
867,EN_M300_B22a,火の覚醒［未使用］,覚醒,覚醒術・火,火の覚醒［未使用］,–,M300_B22a,未使用技,0,0,敵専用,–,–,–,味方,自身,0,1,3,0,95,3,0,0,0,0,0,–,–,–,BPコスト,技威力,術扱い,–,-1,3,0,0,–,–,0,0,–,0,0,0,0,–,1,–,0,1,1,3,1,0,26,26
868,EN_M300_B23a,土の覚醒［未使用1］,覚醒,覚醒術・土,土の覚醒［未使用1］,–,M300_B23a,未使用技,0,0,敵専用,–,–,–,味方,自身,0,1,3,0,95,3,0,0,0,0,0,–,–,–,術力,術扱い,–,–,20,0,0,0,–,–,0,0,–,0,0,0,0,–,0,–,0,1,1,0,0,0,26,26
869,EN_M300_B24a,金の覚醒［未使用］,覚醒,覚醒術・金,金の覚醒［未使用］,–,M300_B24a,未使用技,0,0,敵専用,–,–,–,味方,自身,0,1,3,0,95,3,0,0,0,0,0,–,–,–,すばやさ,連携範囲拡張,術扱い,–,24,1,0,0,–,–,0,0,–,0,0,0,0,–,0,–,0,1,1,3,1,3,26,26
870,EN_M300_B25a,水の覚醒［未使用］,覚醒,覚醒術・水,水の覚醒［未使用］,–,M300_B25a,未使用技,0,0,敵専用,–,–,–,味方,自身,0,1,3,0,95,3,0,0,0,0,0,–,–,–,防御力,術扱い,–,–,10,0,0,0,–,–,0,0,–,0,0,0,0,–,0,–,0,1,1,4,1,4,26,26
871,EN_M300_A33a,号令一下［未使用1］,号令,一下,号令一下［未使用1］,–,M300_A33a,未使用技,0,0,敵専用,–,–,–,味方,自身,0,1,1,0,95,0,0,0,0,0,0,–,–,–,連携時攻撃力,召喚,廻転虫,–,10,2,0,0,–,–,0,0,–,0,0,0,0,–,0,–,0,1,0,3,1,3,23,23
872,EN_M300_B11a_R,召喚［未使用3］,召,召喚,召喚［未使用3］,–,M300_B11a,未使用技,0,0,敵専用,–,–,–,味方,自身,0,1,1,0,100,0,0,0,0,0,0,–,–,–,召喚,エレメンタル金,–,–,2,0,0,0,–,–,0,0,–,0,0,0,0,–,0,–,0,0,0,0,0,0,23,23
873,EN_M300_MG_A_05_R,覚醒術・木［未使用］,木の,覚醒,覚醒術・木［未使用］,–,MG_A_05,未使用技,0,0,敵専用,–,熱,冷,敵,単体,18,1,3,0,95,1,0,0,0,18,0,知,集,木,毒,暗闇,混乱,術扱い,50,50,50,0,攻撃力,–,20,0,対空,0,0,0,0,–,1,–,0,1,0,0,0,0,26,26
874,EN_M300_MG_B_05_R,覚醒術・火［未使用］,火の,覚醒,覚醒術・火［未使用］,–,MG_B_05,未使用技,0,0,敵専用,–,熱,–,敵,単体,12,1,3,0,95,-2,0,0,0,12,0,知,集,火,攻撃力,即死,ガード不可,術扱い,-20,30,100,0,BPコスト,技威力,-1,3,対空,0,0,0,0,–,1,–,0,1,0,0,0,0,26,26
875,EN_M300_B23a_R,土の覚醒［未使用2］,覚醒,覚醒術・土,土の覚醒［未使用2］,–,M300_B23a,未使用技,0,0,敵専用,–,–,–,味方,自身,0,1,2,0,95,3,0,0,0,0,0,–,–,–,術力,術扱い,–,–,20,0,0,0,–,–,0,0,–,0,0,0,0,–,0,–,0,1,0,0,0,0,24,24
876,EN_M300_MG_C_05_R,覚醒術・土［未使用］,土の,覚醒,覚醒術・土［未使用］,–,MG_C_05,未使用技,0,0,敵専用,–,打,–,敵,全体,12,1,3,0,95,3,0,0,0,12,0,知,集,土,防御力,ガード不可,術扱い,–,-10,100,0,0,術力,–,20,0,対空,0,0,0,1,–,0,–,0,1,0,0,0,0,26,26
877,EN_M300_MG_D_05_R,覚醒術・金［未使用］,金の,覚醒,覚醒術・金［未使用］,–,MG_D_05,未使用技,0,0,敵専用,–,雷,–,敵,全体,13,1,3,0,95,-2,0,0,0,13,0,知,集,金,術力,ガード不可,術扱い,–,-20,100,0,0,すばやさ,連携範囲拡張,8,1,対空,0,0,0,0,–,0,–,0,1,0,0,0,0,26,26
878,EN_M300_MG_E_05_R,覚醒術・水［未使用］,水の,覚醒,覚醒術・水［未使用］,–,MG_E_05,未使用技,0,0,敵専用,–,冷,–,敵,全体,13,1,3,0,95,-1,0,0,0,13,0,知,集,水,すばやさ,術扱い,–,–,-8,0,0,0,防御力,–,10,0,対空,0,0,0,0,–,0,–,0,1,0,0,0,0,26,26
879,EN_M300_A03a_R,熱冷［未使用1］,熱,冷,熱冷［未使用1］,–,M300_A03a,未使用技,0,0,敵専用,–,熱,–,敵,前方,25,1,3,0,95,0,0,0,0,21,0,知,集,–,暗闇,–,–,–,50,0,0,0,–,–,0,0,対空,0,0,1,0,–,0,–,0,0,1,0,0,0,26,26
880,EN_M300_A03b_R,熱冷［未使用2］,熱,冷,熱冷［未使用2］,–,M300_A03b,未使用技,0,0,敵専用,–,冷,–,敵,後方,6,1,3,0,95,0,0,0,0,6,0,知,集,–,混乱,–,–,–,35,0,0,0,–,–,0,0,対空,0,0,1,0,–,0,–,0,1,1,0,0,0,26,26
881,EN_M300_A04a_R,吸引放射［未使用1］,吸引,放射,吸引放射［未使用1］,–,M300_A04a,未使用技,0,0,敵専用,–,打,–,敵,前方,16,1,4,0,95,0,0,0,0,16,0,知,集,–,–,–,–,–,0,0,0,0,–,–,0,0,対空,0,0,0,1,–,0,–,0,0,1,0,0,0,27,27
882,EN_M300_A04b_R,吸引放射［未使用2］,吸引,放射,吸引放射［未使用2］,–,M300_A04b,未使用技,0,0,敵専用,–,無,–,敵,後方,27,1,4,0,95,0,0,0,0,22,0,知,集,–,–,–,–,–,0,0,0,0,–,–,0,0,対空,0,0,0,1,–,0,–,0,1,1,0,0,0,27,27
883,EN_M300_A33a_R,号令一下［未使用2］,号令,一下,号令一下［未使用2］,–,M300_A33a,未使用技,0,0,敵専用,–,–,–,味方,自身,0,1,1,0,95,0,0,0,0,0,0,–,–,–,連携時攻撃力,召喚,廻転虫,–,10,2,0,0,–,–,0,0,–,0,0,0,0,–,0,–,0,1,0,0,0,0,23,23
884,EN_M300_A33b_R,号令一下［未使用3］,号令,一下,号令一下［未使用3］,–,M300_A33b,未使用技,0,0,敵専用,–,打,–,敵,単体,14,1,1,0,95,0,0,0,0,14,0,知,集,–,連携時攻撃力,召喚,廻転虫,–,10,2,0,0,–,–,0,0,–,0,0,0,0,–,0,–,0,1,1,0,0,0,23,23
885,EN_M300_A44a_R,幻惑演舞［未使用］,幻惑,演舞,幻惑演舞［未使用］,–,M300_A44a,未使用技,0,0,敵専用,–,冷,斬,敵,全体,14,1,5,0,95,0,0,0,0,14,0,運,集,–,混乱,–,–,–,35,0,0,0,–,–,0,0,–,0,0,0,1,–,0,–,0,0,1,0,0,0,29,29
886,EN_ARTS_011,敵技予備11［未使用］,敵技予備11,敵技予備11,敵技予備11［未使用］,–,M300_B01a,未使用技,0,0,敵専用,–,突,–,敵,単体,25,1,2,0,95,2,0,0,0,21,0,技,集,–,攻撃力,–,–,–,-10,0,0,0,–,–,0,0,–,0,0,0,1,–,0,–,0,0,1,0,1,3,24,24
887,EN_ARTS_012,敵技予備12［未使用］,敵技予備12,敵技予備12,敵技予備12［未使用］,–,M300_B01a,未使用技,0,0,敵専用,–,突,–,敵,単体,25,1,2,0,95,2,0,0,0,21,0,技,集,–,攻撃力,–,–,–,-10,0,0,0,–,–,0,0,–,0,0,0,1,–,0,–,0,0,1,0,1,3,24,24
888,EN_ARTS_013,敵技予備13［未使用］,敵技予備13,敵技予備13,敵技予備13［未使用］,–,M300_B01a,未使用技,0,0,敵専用,–,突,–,敵,単体,25,1,2,0,95,2,0,0,0,21,0,技,集,–,攻撃力,–,–,–,-10,0,0,0,–,–,0,0,–,0,0,0,1,–,0,–,0,0,1,0,1,3,24,24
889,EN_ARTS_014,敵技予備14［未使用］,敵技予備14,敵技予備14,敵技予備14［未使用］,–,M300_B01a,未使用技,0,0,敵専用,–,突,–,敵,単体,25,1,2,0,95,2,0,0,0,21,0,技,集,–,攻撃力,–,–,–,-10,0,0,0,–,–,0,0,–,0,0,0,1,–,0,–,0,0,1,0,1,3,24,24
890,EN_ARTS_015,敵技予備15［未使用］,敵技予備15,敵技予備15,敵技予備15［未使用］,–,M300_B01a,未使用技,0,0,敵専用,–,突,–,敵,単体,25,1,2,0,95,2,0,0,0,21,0,技,集,–,攻撃力,–,–,–,-10,0,0,0,–,–,0,0,–,0,0,0,1,–,0,–,0,0,1,0,1,3,24,24
891,EN_ARTS_016,敵技予備16［未使用］,敵技予備16,敵技予備16,敵技予備16［未使用］,–,M300_B01a,未使用技,0,0,敵専用,–,突,–,敵,単体,25,1,2,0,95,2,0,0,0,21,0,技,集,–,攻撃力,–,–,–,-10,0,0,0,–,–,0,0,–,0,0,0,1,–,0,–,0,0,1,0,1,3,24,24
892,EN_ARTS_017,敵技予備17［未使用］,敵技予備17,敵技予備17,敵技予備17［未使用］,–,M300_B01a,未使用技,0,0,敵専用,–,突,–,敵,単体,25,1,2,0,95,2,0,0,0,21,0,技,集,–,攻撃力,–,–,–,-10,0,0,0,–,–,0,0,–,0,0,0,1,–,0,–,0,0,1,0,1,3,24,24
893,EN_ARTS_018,敵技予備18［未使用］,敵技予備18,敵技予備18,敵技予備18［未使用］,–,M300_B01a,未使用技,0,0,敵専用,–,突,–,敵,単体,25,1,2,0,95,2,0,0,0,21,0,技,集,–,攻撃力,–,–,–,-10,0,0,0,–,–,0,0,–,0,0,0,1,–,0,–,0,0,1,0,1,3,24,24
894,EN_ARTS_019,敵技予備19［未使用］,敵技予備19,敵技予備19,敵技予備19［未使用］,–,M300_B01a,未使用技,0,0,敵専用,–,突,–,敵,単体,25,1,2,0,95,2,0,0,0,21,0,技,集,–,攻撃力,–,–,–,-10,0,0,0,–,–,0,0,–,0,0,0,1,–,0,–,0,0,1,0,1,3,24,24
895,EN_ARTS_020,敵技予備20［未使用］,敵技予備20,敵技予備20,敵技予備20［未使用］,–,M300_B01a,未使用技,0,0,敵専用,–,突,–,敵,単体,25,1,2,0,95,2,0,0,0,21,0,技,集,–,攻撃力,–,–,–,-10,0,0,0,–,–,0,0,–,0,0,0,1,–,0,–,0,0,1,0,1,3,24,24
896,ARTS_001,技予備1［未使用］,技予備1,技予備1,技予備1［未使用］,–,M300_B01a,未使用技,0,0,–,–,突,–,敵,単体,25,1,2,0,95,2,0,0,0,21,0,技,集,–,攻撃力,–,–,–,-10,0,0,0,–,–,0,0,–,0,0,0,1,–,0,–,0,0,1,0,1,3,24,24
897,ARTS_002,技予備2［未使用］,技予備2,技予備2,技予備2［未使用］,–,M300_B01a,未使用技,0,0,–,–,突,–,敵,単体,25,1,2,0,95,2,0,0,0,21,0,技,集,–,攻撃力,–,–,–,-10,0,0,0,–,–,0,0,–,0,0,0,1,–,0,–,0,0,1,0,1,3,24,24
898,ARTS_003,技予備3［未使用］,技予備3,技予備3,技予備3［未使用］,–,M300_B01a,未使用技,0,0,–,–,突,–,敵,単体,25,1,2,0,95,2,0,0,0,21,0,技,集,–,攻撃力,–,–,–,-10,0,0,0,–,–,0,0,–,0,0,0,1,–,0,–,0,0,1,0,1,3,24,24
899,ARTS_004,技予備4［未使用］,技予備4,技予備4,技予備4［未使用］,–,M300_B01a,未使用技,0,0,–,–,突,–,敵,単体,25,1,2,0,95,2,0,0,0,21,0,技,集,–,攻撃力,–,–,–,-10,0,0,0,–,–,0,0,–,0,0,0,1,–,0,–,0,0,1,0,1,3,24,24
900,ARTS_005,技予備5［未使用］,技予備5,技予備5,技予備5［未使用］,–,M300_B01a,未使用技,0,0,–,–,突,–,敵,単体,25,1,2,0,95,2,0,0,0,21,0,技,集,–,攻撃力,–,–,–,-10,0,0,0,–,–,0,0,–,0,0,0,1,–,0,–,0,0,1,0,1,3,24,24
901,ARTS_006,技予備6［未使用］,技予備6,技予備6,技予備6［未使用］,–,M300_B01a,未使用技,0,0,–,–,突,–,敵,単体,25,1,2,0,95,2,0,0,0,21,0,技,集,–,攻撃力,–,–,–,-10,0,0,0,–,–,0,0,–,0,0,0,1,–,0,–,0,0,1,0,1,3,24,24
902,ARTS_007,技予備7［未使用］,技予備7,技予備7,技予備7［未使用］,–,M300_B01a,未使用技,0,0,–,–,突,–,敵,単体,25,1,2,0,95,2,0,0,0,21,0,技,集,–,攻撃力,–,–,–,-10,0,0,0,–,–,0,0,–,0,0,0,1,–,0,–,0,0,1,0,1,3,24,24
903,ARTS_008,技予備8［未使用］,技予備8,技予備8,技予備8［未使用］,–,M300_B01a,未使用技,0,0,–,–,突,–,敵,単体,25,1,2,0,95,2,0,0,0,21,0,技,集,–,攻撃力,–,–,–,-10,0,0,0,–,–,0,0,–,0,0,0,1,–,0,–,0,0,1,0,1,3,24,24
904,ARTS_009,技予備9［未使用］,技予備9,技予備9,技予備9［未使用］,–,M300_B01a,未使用技,0,0,–,–,突,–,敵,単体,25,1,2,0,95,2,0,0,0,21,0,技,集,–,攻撃力,–,–,–,-10,0,0,0,–,–,0,0,–,0,0,0,1,–,0,–,0,0,1,0,1,3,24,24
905,ARTS_010,技予備10［未使用］,技予備10,技予備10,技予備10［未使用］,–,M300_B01a,未使用技,0,0,–,–,突,–,敵,単体,25,1,2,0,95,2,0,0,0,21,0,技,集,–,攻撃力,–,–,–,-10,0,0,0,–,–,0,0,–,0,0,0,1,–,0,–,0,0,1,0,1,3,24,24
906,ARTS_011,技予備11［未使用］,技予備11,技予備11,技予備11［未使用］,–,M300_B01a,未使用技,0,0,–,–,突,–,敵,単体,25,1,2,0,95,2,0,0,0,21,0,技,集,–,攻撃力,–,–,–,-10,0,0,0,–,–,0,0,–,0,0,0,1,–,0,–,0,0,1,0,1,3,24,24
907,ARTS_012,技予備12［未使用］,技予備12,技予備12,技予備12［未使用］,–,M300_B01a,未使用技,0,0,–,–,突,–,敵,単体,25,1,2,0,95,2,0,0,0,21,0,技,集,–,攻撃力,–,–,–,-10,0,0,0,–,–,0,0,–,0,0,0,1,–,0,–,0,0,1,0,1,3,24,24
908,ARTS_013,技予備13［未使用］,技予備13,技予備13,技予備13［未使用］,–,M300_B01a,未使用技,0,0,–,–,突,–,敵,単体,25,1,2,0,95,2,0,0,0,21,0,技,集,–,攻撃力,–,–,–,-10,0,0,0,–,–,0,0,–,0,0,0,1,–,0,–,0,0,1,0,1,3,24,24
909,ARTS_014,技予備14［未使用］,技予備14,技予備14,技予備14［未使用］,–,M300_B01a,未使用技,0,0,–,–,突,–,敵,単体,25,1,2,0,95,2,0,0,0,21,0,技,集,–,攻撃力,–,–,–,-10,0,0,0,–,–,0,0,–,0,0,0,1,–,0,–,0,0,1,0,1,3,24,24
910,ARTS_015,技予備15［未使用］,技予備15,技予備15,技予備15［未使用］,–,M300_B01a,未使用技,0,0,–,–,突,–,敵,単体,25,1,2,0,95,2,0,0,0,21,0,技,集,–,攻撃力,–,–,–,-10,0,0,0,–,–,0,0,–,0,0,0,1,–,0,–,0,0,1,0,1,3,24,24
911,ARTS_016,技予備16［未使用］,技予備16,技予備16,技予備16［未使用］,–,M300_B01a,未使用技,0,0,–,–,突,–,敵,単体,25,1,2,0,95,2,0,0,0,21,0,技,集,–,攻撃力,–,–,–,-10,0,0,0,–,–,0,0,–,0,0,0,1,–,0,–,0,0,1,0,1,3,24,24
912,ARTS_017,技予備17［未使用］,技予備17,技予備17,技予備17［未使用］,–,M300_B01a,未使用技,0,0,–,–,突,–,敵,単体,25,1,2,0,95,2,0,0,0,21,0,技,集,–,攻撃力,–,–,–,-10,0,0,0,–,–,0,0,–,0,0,0,1,–,0,–,0,0,1,0,1,3,24,24
913,ARTS_018,技予備18［未使用］,技予備18,技予備18,技予備18［未使用］,–,M300_B01a,未使用技,0,0,–,–,突,–,敵,単体,25,1,2,0,95,2,0,0,0,21,0,技,集,–,攻撃力,–,–,–,-10,0,0,0,–,–,0,0,–,0,0,0,1,–,0,–,0,0,1,0,1,3,24,24
914,ARTS_019,技予備19［未使用］,技予備19,技予備19,技予備19［未使用］,–,M300_B01a,未使用技,0,0,–,–,突,–,敵,単体,25,1,2,0,95,2,0,0,0,21,0,技,集,–,攻撃力,–,–,–,-10,0,0,0,–,–,0,0,–,0,0,0,1,–,0,–,0,0,1,0,1,3,24,24
915,ARTS_020,技予備20［未使用］,技予備20,技予備20,技予備20［未使用］,–,M300_B01a,未使用技,0,0,–,–,突,–,敵,単体,25,1,2,0,95,2,0,0,0,21,0,技,集,–,攻撃力,–,–,–,-10,0,0,0,–,–,0,0,–,0,0,0,1,–,0,–,0,0,1,0,1,3,24,24
